Date,Price,Open,High,Low,Vol.,Change %
1-Aug-19,9.47,9.46,9.65,9.46,15.09K,2.05%
31-Jul-19,9.28,9.3,9.5,9.13,10.89K,-2.62%
30-Jul-19,9.53,9.77,9.86,9.3,22.96K,-0.94%
29-Jul-19,9.62,9.63,9.77,9.57,13.03K,-1.94%
28-Jul-19,9.81,9.61,10.01,9.6,23.55K,0.41%
25-Jul-19,9.77,10,10,9.6,37.30K,-1.41%
24-Jul-19,9.91,10,10.13,9.67,45.48K,-0.40%
22-Jul-19,9.95,9.95,10.18,9.75,40.20K,0.61%
21-Jul-19,9.89,9.7,10.18,9.7,38.80K,4.00%
18-Jul-19,9.51,9.78,9.78,9.5,10.12K,-2.46%
17-Jul-19,9.75,9.7,9.79,9.52,2.85K,0.00%
16-Jul-19,9.75,10.18,10.18,9.55,27.42K,0.52%
15-Jul-19,9.7,9.4,10,9.4,48.38K,1.89%
14-Jul-19,9.52,9.76,9.76,9.3,32.62K,-4.23%
11-Jul-19,9.94,10.15,10.2,9.73,34.24K,-3.21%
10-Jul-19,10.27,10.35,10.55,10.13,22.72K,-1.82%
9-Jul-19,10.46,10.4,10.65,10.4,20.31K,0.77%
8-Jul-19,10.38,9.72,10.85,9.71,44.50K,-2.36%
7-Jul-19,10.631,10.598,10.837,10.441,23.02K,-1.07%
4-Jul-19,10.746,11.126,11.134,10.598,31.20K,-3.55%
3-Jul-19,11.142,11.216,11.373,10.977,23.07K,-0.81%
2-Jul-19,11.233,11.085,11.382,10.928,21.27K,2.87%
27-Jun-19,10.92,11.126,11.126,10.755,38.75K,0.69%
26-Jun-19,10.845,10.804,10.953,10.722,15.43K,1.23%
25-Jun-19,10.713,10.804,11.027,10.416,47.77K,-1.37%
24-Jun-19,10.862,10.928,11.216,10.746,8.63K,-2.51%
23-Jun-19,11.142,11.093,11.291,11.019,26.42K,1.04%
20-Jun-19,11.027,11.134,11.316,10.763,16.31K,-1.18%
19-Jun-19,11.159,11.216,11.373,10.969,9.06K,-1.67%
18-Jun-19,11.348,11.464,11.546,11.093,67.11K,-1.36%
17-Jun-19,11.505,10.969,11.678,10.969,145.74K,4.89%
16-Jun-19,10.969,10.474,11.175,10.474,22.80K,4.73%
13-Jun-19,10.474,10.573,10.722,10.425,9.53K,-1.24%
12-Jun-19,10.606,10.573,10.639,10.573,3.18K,-1.30%
11-Jun-19,10.746,10.722,10.969,10.639,10.90K,0.31%
10-Jun-19,10.713,10.549,10.862,10.474,13.77K,2.85%
9-Jun-19,10.416,10.532,10.532,10.252,10.01K,4.81%
3-Jun-19,9.938,10.103,10.128,9.897,1.22K,0.00%
2-Jun-19,9.938,9.485,9.815,9.485,3.02K,0.00%
30-May-19,9.938,10.186,10.194,9.856,9.54K,-0.91%
29-May-19,10.029,10.153,10.285,9.831,17.20K,1.08%
28-May-19,9.922,9.905,10.169,9.897,2.43K,0.00%
27-May-19,9.922,10.285,10.285,9.88,10.36K,-2.35%
26-May-19,10.161,10.26,10.301,9.971,10.11K,1.99%
23-May-19,9.963,10.219,10.219,9.897,7.49K,1.43%
22-May-19,9.823,9.773,9.897,9.526,14.72K,4.11%
21-May-19,9.435,9.278,9.724,9.245,5.58K,3.53%
20-May-19,9.113,9.171,9.278,8.99,16.24K,-1.69%
19-May-19,9.27,9.221,9.402,9.155,12.76K,-1.58%
16-May-19,9.419,9.402,9.567,9.262,17.36K,-1.21%
15-May-19,9.534,9.493,9.815,9.353,12.05K,-4.31%
14-May-19,9.963,10.037,10.037,9.815,9.93K,-0.58%
13-May-19,10.021,10.268,10.268,9.831,14.78K,-2.88%
12-May-19,10.318,10.392,10.466,10.252,17.41K,2.21%
9-May-19,10.095,10.549,10.557,9.897,45.64K,-5.48%
8-May-19,10.68,11.052,11.662,10.326,9.16K,-6.03%
7-May-19,11.365,11.546,11.959,11.299,6.12K,-5.09%
6-May-19,11.975,11.711,12.116,11.225,0.46K,0.00%
5-May-19,11.975,11.761,12.223,11.753,1.94K,0.00%
2-May-19,11.975,12.165,12.313,11.736,2.00K,0.00%
30-Apr-19,11.975,11.959,12.206,11.885,0.55K,0.00%
24-Apr-19,11.975,12.033,12.198,11.909,5.33K,-0.55%
23-Apr-19,12.041,11.975,12.28,11.909,7.43K,-1.02%
22-Apr-19,12.165,12.371,12.371,12.041,4.03K,-2.25%
18-Apr-19,12.445,12.454,12.635,12.214,2.22K,0.00%
17-Apr-19,12.445,12.577,12.734,12.363,6.96K,0.60%
16-Apr-19,12.371,12.619,12.619,12.248,18.41K,-2.48%
15-Apr-19,12.685,12.726,12.973,12.66,5.71K,-1.41%
14-Apr-19,12.866,12.924,13.105,12.726,13.40K,-0.89%
11-Apr-19,12.982,12.767,13.188,12.701,9.82K,2.34%
10-Apr-19,12.685,13.155,13.155,12.379,7.46K,0.20%
9-Apr-19,12.66,12.66,12.866,12.586,5.83K,-2.10%
8-Apr-19,12.932,12.932,12.932,12.66,1.42K,0.00%
7-Apr-19,12.932,13.254,13.254,12.66,1.55K,0.00%
4-Apr-19,12.932,12.924,13.113,12.907,2.79K,-1.57%
3-Apr-19,13.138,13.344,13.344,13.113,11.46K,-0.25%
2-Apr-19,13.171,12.998,13.361,12.998,14.72K,0.57%
1-Apr-19,13.097,12.808,13.32,12.792,7.32K,1.60%
31-Mar-19,12.891,13.105,13.196,12.371,31.09K,-1.32%
28-Mar-19,13.064,12.973,13.081,12.973,2.97K,1.54%
27-Mar-19,12.866,13.105,13.105,12.726,10.57K,0.45%
26-Mar-19,12.808,12.635,13.113,12.627,9.37K,0.13%
25-Mar-19,12.792,12.825,13.13,12.619,21.07K,-2.69%
24-Mar-19,13.146,13.204,13.262,12.965,8.39K,-0.75%
21-Mar-19,13.245,13.064,13.443,13.064,13.65K,-0.50%
20-Mar-19,13.311,13.435,13.526,13.056,6.03K,0.93%
19-Mar-19,13.188,13.699,13.806,12.454,15.23K,-4.54%
18-Mar-19,13.815,14.054,14.054,13.716,24.18K,-1.17%
17-Mar-19,13.979,14.045,14.087,13.872,14.96K,0.29%
14-Mar-19,13.938,14.194,14.219,13.815,22.02K,-0.47%
13-Mar-19,14.004,14.021,14.342,13.872,47.21K,-0.29%
12-Mar-19,14.045,14.309,14.309,13.979,21.92K,-1.22%
11-Mar-19,14.219,14.062,14.474,14.054,25.49K,0.64%
10-Mar-19,14.128,14.309,14.309,14.021,19.59K,0.36%
7-Mar-19,14.078,14.252,14.342,14.021,44.10K,-0.35%
6-Mar-19,14.128,14.342,14.384,14.021,44.70K,1.00%
5-Mar-19,13.988,14.012,14.342,13.798,48.61K,0.78%
4-Mar-19,13.88,13.732,14.194,13.608,20.79K,-2.66%
3-Mar-19,14.26,14.351,14.639,13.955,49.10K,-0.92%
28-Feb-19,14.392,14.746,14.746,14.186,53.09K,-1.24%
27-Feb-19,14.573,14.73,14.763,14.491,45.45K,-2.43%
26-Feb-19,14.936,15.085,15.159,14.722,51.32K,-0.49%
25-Feb-19,15.01,14.557,15.2,14.557,157.94K,2.88%
24-Feb-19,14.59,14.746,14.755,14.524,47.81K,0.00%
21-Feb-19,14.59,14.623,14.837,14.441,71.60K,-0.23%
20-Feb-19,14.623,14.821,14.928,14.441,57.57K,-0.28%
19-Feb-19,14.664,14.515,14.837,14.433,95.31K,1.66%
18-Feb-19,14.425,14.631,14.631,14.293,31.13K,-1.02%
17-Feb-19,14.573,14.631,14.746,14.433,65.32K,0.63%
14-Feb-19,14.482,14.351,14.689,14.351,25.84K,0.11%
13-Feb-19,14.466,14.598,14.598,14.351,68.27K,-1.01%
12-Feb-19,14.614,14.26,14.845,14.26,246.62K,3.32%
11-Feb-19,14.144,13.946,14.285,13.872,62.81K,1.00%
10-Feb-19,14.004,14.268,14.351,13.823,41.30K,-1.22%
7-Feb-19,14.177,13.815,14.359,13.815,217.82K,3.87%
6-Feb-19,13.649,13.617,13.773,13.584,66.42K,0.42%
5-Feb-19,13.592,13.815,13.815,13.509,53.36K,-0.30%
4-Feb-19,13.633,13.856,13.856,13.551,71.54K,-1.07%
3-Feb-19,13.781,13.848,14.021,13.534,81.17K,0.78%
31-Jan-19,13.674,13.955,13.963,13.617,35.24K,-1.19%
30-Jan-19,13.839,13.938,14.128,13.707,42.73K,-1.12%
29-Jan-19,13.996,13.913,14.318,13.691,101.29K,1.86%
28-Jan-19,13.74,13.6,13.93,13.41,73.24K,0.06%
27-Jan-19,13.732,13.773,13.979,13.551,45.52K,-0.24%
23-Jan-19,13.765,13.765,13.93,13.402,55.28K,0.36%
22-Jan-19,13.716,13.773,13.988,13.295,44.80K,-0.47%
21-Jan-19,13.781,13.773,13.979,13.468,36.68K,-0.25%
20-Jan-19,13.815,13.649,13.996,13.542,48.78K,3.53%
17-Jan-19,13.344,13.344,13.542,13.113,24.95K,-0.37%
16-Jan-19,13.394,13.526,13.674,13.212,72.09K,-2.40%
15-Jan-19,13.724,14.004,14.045,13.534,58.06K,-1.77%
14-Jan-19,13.971,13.79,14.408,13.526,46.15K,0.83%
13-Jan-19,13.856,14.021,14.12,13.773,17.16K,-0.17%
10-Jan-19,13.88,13.732,14.111,13.732,25.32K,-0.89%
9-Jan-19,14.004,13.798,14.351,13.666,228.82K,0.53%
8-Jan-19,13.93,14.021,14.351,13.74,45.85K,-0.18%
6-Jan-19,13.955,13.311,14.268,13.311,241.19K,2.24%
3-Jan-19,13.649,14.021,14.021,13.254,94.08K,3.76%
2-Jan-19,13.155,12.561,13.551,12.536,300.14K,6.76%
31-Dec-18,12.322,12.371,12.742,12.165,215.15K,1.16%
30-Dec-18,12.181,12.297,12.487,12,14.37K,-0.94%
27-Dec-18,12.297,12.371,12.371,12.28,10.22K,0.40%
26-Dec-18,12.248,12.041,12.371,12.041,38.21K,1.72%
25-Dec-18,12.041,11.835,12.099,11.835,3.03K,-1.49%
24-Dec-18,12.223,11.983,12.371,11.983,6.56K,-1.00%
23-Dec-18,12.346,12.371,12.371,12.256,13.67K,-2.16%
20-Dec-18,12.619,12.379,12.784,12.379,13.13K,0.07%
19-Dec-18,12.61,12.379,12.883,12.379,29.65K,-1.99%
18-Dec-18,12.866,13.179,13.179,12.495,4.06K,0.90%
17-Dec-18,12.751,12.8,13.014,12.478,16.71K,-0.38%
16-Dec-18,12.8,12.272,13.105,12.272,40.76K,2.17%
13-Dec-18,12.528,12.536,12.66,12.371,47.63K,-0.13%
12-Dec-18,12.544,12.454,12.701,12.371,33.85K,0.53%
11-Dec-18,12.478,11.975,12.693,11.959,57.49K,4.49%
10-Dec-18,11.942,11.753,12.041,11.753,9.58K,2.69%
9-Dec-18,11.629,11.629,11.876,11.546,16.67K,-2.56%
6-Dec-18,11.934,11.959,12.05,11.678,11.76K,0.34%
5-Dec-18,11.893,11.794,11.967,11.794,6.61K,-2.90%
4-Dec-18,12.248,12.379,12.511,11.893,34.42K,-2.62%
3-Dec-18,12.577,12.627,12.627,12.214,21.84K,-1.36%
2-Dec-18,12.751,13.105,13.188,12.594,16.17K,0.00%
29-Nov-18,12.751,12.957,13.056,12.594,10.79K,-0.19%
28-Nov-18,12.775,12.833,13.097,12.561,45.09K,-0.96%
27-Nov-18,12.899,12.808,13.105,12.8,18.67K,0.77%
26-Nov-18,12.8,13.179,13.196,12.701,6.80K,-0.26%
25-Nov-18,12.833,13.501,13.501,12.742,27.90K,-4.95%
22-Nov-18,13.501,13.773,13.831,13.311,19.75K,-1.62%
21-Nov-18,13.724,13.608,13.922,13.526,34.08K,0.85%
19-Nov-18,13.608,12.998,13.922,12.99,107.98K,5.63%
18-Nov-18,12.883,12.784,13.113,12.561,65.49K,0.52%
15-Nov-18,12.816,12.577,12.866,12.577,7.15K,-1.15%
14-Nov-18,12.965,13.023,13.113,12.833,10.69K,0.45%
13-Nov-18,12.907,12.957,13.188,12.701,21.79K,-1.89%
12-Nov-18,13.155,12.957,13.32,12.957,12.11K,0.89%
11-Nov-18,13.039,13.056,13.179,12.948,9.09K,-0.88%
8-Nov-18,13.155,13.196,13.377,13.031,36.10K,-2.38%
7-Nov-18,13.476,13.278,13.773,13.089,62.88K,2.51%
6-Nov-18,13.146,13.113,13.287,12.85,74.19K,2.24%
5-Nov-18,12.858,13.171,13.171,12.627,19.79K,0.78%
4-Nov-18,12.759,12.635,13.146,12.635,19.63K,-0.51%
1-Nov-18,12.825,12.784,12.948,12.594,15.45K,-0.83%
31-Oct-18,12.932,13.394,13.402,12.503,48.08K,-1.81%
30-Oct-18,13.171,13.105,13.501,12.907,73.80K,2.05%
29-Oct-18,12.907,12.412,13.179,12.412,60.15K,1.49%
28-Oct-18,12.718,12.379,13.155,12.181,66.25K,2.94%
25-Oct-18,12.355,11.967,12.619,11.951,78.03K,-3.72%
24-Oct-18,12.833,13.608,13.608,12.256,171.68K,0.00%
23-Oct-18,12.833,11.563,12.932,11.563,169.41K,9.11%
22-Oct-18,11.761,11.753,11.951,11.546,12.01K,0.78%
21-Oct-18,11.67,11.109,11.951,11.109,7.08K,1.28%
18-Oct-18,11.522,11.563,11.563,11.423,5.46K,-2.85%
17-Oct-18,11.86,11.794,12.264,11.645,28.69K,1.99%
16-Oct-18,11.629,11.464,11.876,11.464,19.24K,3.45%
15-Oct-18,11.241,10.977,11.464,10.977,11.96K,-1.52%
14-Oct-18,11.415,11.373,11.456,11.373,7.99K,4.62%
11-Oct-18,10.911,10.928,11.118,10.73,22.44K,-1.93%
10-Oct-18,11.126,10.969,11.546,10.862,10.46K,1.27%
9-Oct-18,10.986,12.041,12.041,10.763,27.95K,-5.06%
8-Oct-18,11.571,11.711,11.711,10.812,6.38K,-3.64%
4-Oct-18,12.008,11.901,12.206,11.876,7.88K,-2.61%
3-Oct-18,12.33,11.876,12.784,11.876,55.90K,5.80%
2-Oct-18,11.654,11.546,11.876,11.423,18.80K,2.25%
1-Oct-18,11.398,11.332,11.596,11.241,10.21K,0.58%
30-Sep-18,11.332,12.198,12.206,11.216,19.76K,-2.00%
27-Sep-18,11.563,11.588,11.753,11.546,13.11K,-0.14%
26-Sep-18,11.579,11.86,11.868,11.546,17.77K,1.00%
25-Sep-18,11.464,11.291,11.629,11.134,30.80K,4.44%
24-Sep-18,10.977,11.126,11.34,10.722,50.45K,0.60%
23-Sep-18,10.911,10.829,11.134,10.68,14.27K,-0.75%
20-Sep-18,10.994,12.025,12.371,10.68,42.66K,-7.30%
19-Sep-18,11.86,11.959,12.124,11.802,62.59K,-9.56%
18-Sep-18,13.113,13.864,13.864,12.503,39.86K,-2.93%
17-Sep-18,13.509,14.111,14.111,13.196,15.19K,-4.10%
16-Sep-18,14.087,14.631,14.631,13.427,6.70K,-2.51%
13-Sep-18,14.45,14.153,14.639,14.153,12.56K,-0.28%
12-Sep-18,14.491,14.845,14.854,14.351,20.72K,-1.13%
10-Sep-18,14.656,15.01,15.085,14.433,120.82K,-5.02%
9-Sep-18,15.431,15.588,16.082,15.134,42.37K,-1.01%
6-Sep-18,15.588,15.678,16.396,15.258,50.02K,-1.72%
5-Sep-18,15.86,16.124,16.124,15.67,12.91K,-1.98%
4-Sep-18,16.181,16.454,16.454,16.082,16.66K,0.00%
3-Sep-18,16.181,16.091,16.454,16,7.03K,-1.36%
2-Sep-18,16.404,16.652,16.907,16,7.36K,1.32%
30-Aug-18,16.19,15.67,16.495,15.34,53.43K,2.67%
29-Aug-18,15.769,15.538,15.893,15.216,27.27K,2.46%
28-Aug-18,15.39,15.01,15.571,14.515,17.82K,5.85%
27-Aug-18,14.54,14.351,14.845,14.293,14.47K,-0.06%
26-Aug-18,14.549,14.4,14.681,14.4,11.07K,0.34%
19-Aug-18,14.499,14.268,15.365,14.021,6.56K,-3.14%
16-Aug-18,14.969,15.299,15.744,14.763,31.53K,-3.66%
15-Aug-18,15.538,15.274,15.835,15.274,9.21K,0.32%
14-Aug-18,15.489,16.066,16.066,15.307,5.30K,-3.49%
13-Aug-18,16.049,15.885,16.495,15.357,19.66K,-0.82%
12-Aug-18,16.181,16.412,16.924,15.546,15.87K,-1.75%
9-Aug-18,16.47,17.113,17.113,16.338,4.41K,-0.30%
8-Aug-18,16.52,16.544,16.825,16.256,17.64K,-0.84%
7-Aug-18,16.66,16.709,16.742,16.577,8.21K,-0.15%
6-Aug-18,16.685,16.916,17.221,16.165,21.67K,1.56%
5-Aug-18,16.429,16,16.594,16,27.79K,1.48%
2-Aug-18,16.19,16.091,16.396,16,14.28K,-1.26%
1-Aug-18,16.396,16.404,16.495,16.165,45.27K,2.69%
31-Jul-18,15.967,15.67,16.297,15.67,20.57K,0.21%
30-Jul-18,15.934,16.206,16.206,15.472,32.23K,-2.28%
29-Jul-18,16.305,16.817,16.825,16.091,64.03K,-0.65%
26-Jul-18,16.412,16.215,16.759,16.173,43.51K,0.25%
25-Jul-18,16.371,16.676,16.676,16.206,32.08K,-3.31%
24-Jul-18,16.932,16.825,17.32,16.825,66.04K,-0.19%
22-Jul-18,16.965,17.179,17.32,16.511,15.28K,-2.05%
19-Jul-18,17.32,17.328,17.435,17.031,26.39K,-2.41%
18-Jul-18,17.748,17.724,18.318,17.32,44.83K,0.51%
17-Jul-18,17.658,18.144,18.144,17.32,36.58K,-2.86%
16-Jul-18,18.177,18.144,18.515,17.732,23.15K,0.31%
15-Jul-18,18.12,18.557,18.557,17.897,33.87K,-1.26%
12-Jul-18,18.351,17.831,19.093,17.814,168.66K,1.37%
11-Jul-18,18.103,17.748,18.392,17.748,20.44K,-0.28%
10-Jul-18,18.153,18.062,18.614,17.979,60.16K,0.41%
9-Jul-18,18.078,18.136,18.639,16.907,45.88K,-2.28%
8-Jul-18,18.499,18.928,19.373,17.526,122.44K,0.00%
5-Jul-18,18.499,18.433,18.961,18.095,116.64K,1.22%
4-Jul-18,18.276,18.474,18.92,18.045,181.02K,-2.21%
3-Jul-18,18.689,19.373,19.373,18.483,65.74K,-0.48%
2-Jul-18,18.779,18.268,19.448,18.144,144.27K,1.11%
28-Jun-18,18.573,18.466,19.052,18.144,159.84K,4.55%
27-Jun-18,17.765,17.427,18.144,17.328,125.47K,1.55%
26-Jun-18,17.493,17.889,18.144,17.122,148.26K,-4.24%
25-Jun-18,18.268,19.794,19.794,17.897,78.97K,-3.45%
24-Jun-18,18.92,19.381,19.381,18.557,98.45K,-1.71%
21-Jun-18,19.25,18.878,19.381,18.169,237.01K,9.22%
20-Jun-18,17.625,17.047,18.161,16.544,159.77K,6.75%
19-Jun-18,16.511,16.495,16.849,16.132,100.32K,-1.72%
14-Jun-18,16.8,17.32,17.625,16.495,146.89K,-2.86%
13-Jun-18,17.295,17.179,17.707,16.866,72.93K,3.20%
12-Jun-18,16.759,16.412,17.27,15.794,82.70K,2.73%
11-Jun-18,16.314,17.278,17.278,15.918,117.18K,-3.98%
10-Jun-18,16.99,16.907,17.32,16.495,100.53K,1.48%
7-Jun-18,16.742,15.975,17.015,15.975,142.20K,0.40%
6-Jun-18,16.676,18.144,18.144,16.107,57.05K,-6.78%
5-Jun-18,17.889,17.732,18.557,17.072,50.65K,-4.74%
4-Jun-18,18.779,19.464,19.794,17.072,84.87K,-0.96%
3-Jun-18,18.961,18.153,19.695,18.144,54.76K,0.39%
31-May-18,18.887,19.629,19.645,18.285,67.67K,-5.06%
30-May-18,19.893,19.959,20.61,19.637,93.81K,-2.19%
29-May-18,20.338,20.866,20.866,19.967,68.12K,-4.08%
28-May-18,21.204,21.46,22.21,20.346,138.41K,-2.21%
27-May-18,21.683,21.031,22.169,21.031,148.79K,0.88%
24-May-18,21.493,21.245,22.243,20.825,79.11K,3.17%
23-May-18,20.833,19.794,21.443,19.637,134.73K,4.55%
22-May-18,19.926,20.289,20.289,19.019,49.29K,-0.62%
21-May-18,20.05,20.536,20.536,19.72,78.40K,-2.60%
20-May-18,20.586,21.27,21.27,20.215,27.38K,-0.83%
17-May-18,20.759,20.305,21.287,19.885,52.62K,0.04%
16-May-18,20.751,20.058,21.031,19.843,155.45K,4.10%
15-May-18,19.934,20.008,20.437,19.381,118.30K,-3.01%
14-May-18,20.553,19.547,21.122,19.547,246.93K,7.00%
13-May-18,19.208,18.375,19.571,18.375,181.12K,7.92%
10-May-18,17.798,16.668,18.144,16.66,174.05K,2.66%
9-May-18,17.336,17.369,17.979,16.701,64.72K,-0.94%
8-May-18,17.501,17.188,18.111,17.113,92.34K,3.06%
7-May-18,16.982,17.32,17.485,16.561,29.84K,-3.10%
6-May-18,17.526,17.493,18.136,16.916,80.16K,-2.57%
3-May-18,17.988,18.153,18.557,17.46,102.72K,-0.37%
2-May-18,18.054,18.144,18.293,17.493,207.85K,8.53%
30-Apr-18,16.635,15.588,17.031,15.588,159.68K,7.40%
29-Apr-18,15.489,15.637,15.645,15.258,15.16K,0.43%
26-Apr-18,15.423,15.34,15.645,15.052,24.46K,0.16%
24-Apr-18,15.398,15.274,15.67,15.258,17.94K,-1.99%
23-Apr-18,15.711,16.074,16.074,15.546,27.47K,-1.45%
22-Apr-18,15.942,15.505,16.28,15.505,19.33K,-0.72%
19-Apr-18,16.058,15.266,16.412,15.266,61.64K,3.67%
18-Apr-18,15.489,15.588,15.67,15.357,10.49K,-0.69%
17-Apr-18,15.596,15.827,15.827,15.522,25.74K,-1.41%
16-Apr-18,15.819,15.827,16.025,15.753,35.02K,-0.52%
15-Apr-18,15.901,15.761,16.082,15.67,58.45K,0.21%
12-Apr-18,15.868,16.074,16.388,15.67,40.04K,-0.36%
11-Apr-18,15.926,16.066,16.478,15.678,41.66K,-2.38%
10-Apr-18,16.314,16.107,16.907,16.074,86.54K,1.23%
5-Apr-18,16.116,16.008,16.404,15.918,50.54K,-2.69%
4-Apr-18,16.561,17.311,17.32,15.728,38.47K,-3.88%
3-Apr-18,17.229,17.402,17.732,16.965,50.37K,-2.38%
2-Apr-18,17.649,17.493,17.913,17.485,18.41K,1.37%
1-Apr-18,17.41,17.649,17.658,17.32,47.64K,-0.71%
29-Mar-18,17.534,17.526,17.864,17.32,35.30K,-0.79%
28-Mar-18,17.674,18.474,18.557,17.353,43.54K,-2.72%
27-Mar-18,18.169,18.227,18.747,17.979,56.49K,-0.23%
26-Mar-18,18.21,18.557,18.614,17.979,61.68K,-0.85%
25-Mar-18,18.367,18.557,18.565,18.144,19.66K,-4.42%
22-Mar-18,19.217,19.167,19.876,18.557,78.89K,0.91%
21-Mar-18,19.043,18.557,19.373,18.532,91.95K,5.97%
20-Mar-18,17.971,18.062,18.384,17.732,53.10K,-0.69%
19-Mar-18,18.095,18.458,18.507,17.947,14.40K,-0.50%
18-Mar-18,18.186,18.318,18.672,18.07,10.05K,1.01%
15-Mar-18,18.004,17.773,18.144,17.773,17.59K,-0.46%
14-Mar-18,18.087,18.969,18.969,17.856,78.52K,-4.65%
13-Mar-18,18.969,19.052,19.151,18.779,26.50K,-0.65%
12-Mar-18,19.093,18.994,19.629,18.936,41.45K,0.39%
11-Mar-18,19.019,18.969,19.547,18.812,14.85K,-0.86%
8-Mar-18,19.184,19.769,19.769,18.969,55.45K,-2.14%
7-Mar-18,19.604,19.835,19.885,19.241,46.74K,-2.42%
6-Mar-18,20.091,19.835,20.619,19.794,48.96K,0.20%
5-Mar-18,20.05,20.61,20.907,19.827,36.72K,-1.38%
4-Mar-18,20.33,20.404,21.031,19.637,46.67K,1.73%
1-Mar-18,19.984,20.206,20.412,19.802,38.86K,-1.10%
28-Feb-18,20.206,20.619,21.006,19.959,23.02K,-2.55%
27-Feb-18,20.734,21.361,21.443,20.215,39.79K,-1.68%
26-Feb-18,21.089,21.526,22.021,20.619,68.55K,-2.03%
25-Feb-18,21.526,21.361,22.144,21.031,76.70K,5.07%
22-Feb-18,20.487,19.728,21.361,19.547,93.31K,5.48%
21-Feb-18,19.423,20.478,20.495,18.969,78.17K,-4.15%
20-Feb-18,20.264,21.031,21.353,19.711,35.02K,-3.46%
19-Feb-18,20.99,20.528,22.268,20.206,123.25K,6.62%
18-Feb-18,19.687,18.92,20.091,18.293,112.00K,7.77%
15-Feb-18,18.268,18.309,18.598,18.153,35.84K,-0.45%
14-Feb-18,18.351,18.969,19.266,17.938,62.18K,-1.85%
13-Feb-18,18.697,18.969,19.282,18.144,22.18K,-2.32%
12-Feb-18,19.142,18.977,19.629,18.977,31.71K,0.69%
11-Feb-18,19.01,18.994,19.579,18.557,27.60K,-1.54%
8-Feb-18,19.307,19.027,19.67,18.969,8.42K,-1.18%
7-Feb-18,19.538,19.299,19.951,18.969,35.39K,1.37%
6-Feb-18,19.274,19.629,20,18.392,45.68K,-3.35%
5-Feb-18,19.942,18.722,20.05,18.722,78.62K,9.41%
4-Feb-18,18.227,18.796,18.969,17.608,28.16K,-3.74%
1-Feb-18,18.936,19.423,19.464,18.656,9.30K,-0.48%
31-Jan-18,19.027,19.258,19.258,18.722,19.34K,-3.39%
30-Jan-18,19.695,20.206,20.206,19.241,25.20K,0.17%
29-Jan-18,19.662,19.794,19.794,19.381,26.31K,-0.67%
28-Jan-18,19.794,19.794,20.157,19.786,8.92K,0.42%
24-Jan-18,19.711,19.802,19.802,19.324,20.42K,-1.77%
23-Jan-18,20.066,19.316,20.619,19.316,24.57K,-1.58%
22-Jan-18,20.388,20.932,21.023,19.901,22.10K,-4.81%
21-Jan-18,21.419,21.443,22.243,20.371,68.54K,5.02%
18-Jan-18,20.396,19.299,21.089,17.979,51.85K,6.37%
17-Jan-18,19.175,18.994,19.703,18.994,24.31K,0.35%
16-Jan-18,19.109,19.175,19.381,18.68,22.79K,-1.07%
15-Jan-18,19.316,19.794,19.802,18.804,22.22K,-2.45%
14-Jan-18,19.802,19.918,20.198,19.555,37.05K,1.22%
11-Jan-18,19.563,19.48,19.984,19.068,38.66K,-0.92%
10-Jan-18,19.744,20.536,20.577,19.06,17.34K,-3.04%
9-Jan-18,20.363,21.443,21.443,19.942,26.53K,-0.44%
8-Jan-18,20.454,21.113,21.361,20,29.79K,-2.47%
4-Jan-18,20.973,22.26,22.26,20.379,44.20K,-3.20%
3-Jan-18,21.666,21.856,22.268,21.443,25.98K,-0.72%
2-Jan-18,21.823,22.268,22.301,21.443,51.04K,-3.04%
31-Dec-17,22.507,22.87,23.918,22.417,38.35K,-9.61%
28-Dec-17,24.899,24.883,26.771,23.86,113.78K,-6.07%
27-Dec-17,26.507,25.278,26.771,25.278,201.21K,8.91%
26-Dec-17,24.338,23.093,25.237,23.093,102.13K,5.88%
25-Dec-17,22.986,23.505,24.462,21.872,98.97K,-3.43%
24-Dec-17,23.802,23.885,23.885,22.309,351.14K,9.61%
21-Dec-17,21.715,21.715,21.715,21.715,43.95K,9.98%
20-Dec-17,19.744,19.381,20.058,18.969,104.45K,8.28%
19-Dec-17,18.235,18.235,18.235,18.235,41.58K,10.00%
18-Dec-17,16.577,16.577,16.577,16.569,170.00K,9.96%
17-Dec-17,15.076,14.186,15.258,14.186,91.03K,8.68%
14-Dec-17,13.872,14.021,14.021,13.732,14.25K,-0.53%
13-Dec-17,13.946,13.815,14.227,13.815,19.04K,2.18%
12-Dec-17,13.649,13.608,13.848,13.534,4.69K,2.16%
11-Dec-17,13.361,13.443,13.443,13.402,0.63K,0.00%
10-Dec-17,13.361,13.369,14.004,13.328,2.13K,-3.22%
7-Dec-17,13.806,13.402,13.979,13.402,7.94K,4.42%
6-Dec-17,13.221,13.072,13.072,13.072,0.46K,0.00%
5-Dec-17,13.221,13.221,13.526,13.047,1.07K,-0.12%
3-Dec-17,13.237,13.278,13.295,13.196,7.40K,-2.49%
29-Nov-17,13.575,13.278,13.823,13.278,4.06K,2.62%
28-Nov-17,13.229,13.196,13.237,13.196,3.54K,0.25%
27-Nov-17,13.196,13.196,13.196,13.196,1.21K,0.00%
26-Nov-17,13.196,12.998,13.353,12.99,5.64K,-0.80%
23-Nov-17,13.303,13.608,13.608,12.833,7.09K,4.74%
22-Nov-17,12.701,12.784,12.784,12.652,0.64K,0.00%
21-Nov-17,12.701,12.866,12.866,12.866,0.61K,0.00%
20-Nov-17,12.701,12.709,12.709,12.619,1.21K,0.00%
19-Nov-17,12.701,12.429,13.526,12.429,3.79K,-6.67%
16-Nov-17,13.608,13.526,13.971,13.361,5.40K,3.90%
15-Nov-17,13.097,12.816,13.427,12.816,4.85K,-1.06%
14-Nov-17,13.237,13.196,13.32,13.171,5.21K,3.62%
13-Nov-17,12.775,12.866,12.866,12.66,38.85K,-1.90%
12-Nov-17,13.023,13.608,13.617,12.784,38.64K,-4.01%
9-Nov-17,13.567,13.617,13.625,13.443,9.88K,-2.89%
8-Nov-17,13.971,13.971,13.979,13.971,1.33K,3.23%
7-Nov-17,13.534,13.608,13.608,13.196,6.97K,-2.44%
6-Nov-17,13.872,14.021,14.021,13.608,9.64K,-0.94%
5-Nov-17,14.004,14.532,14.54,13.649,23.20K,-6.29%
2-Nov-17,14.944,14.977,14.977,14.928,7.30K,0.00%
1-Nov-17,14.944,14.928,15.093,14.845,29.71K,-0.72%
31-Oct-17,15.052,15.266,15.266,14.845,7.72K,-2.51%
30-Oct-17,15.439,15.423,15.67,15.423,27.93K,-0.59%
26-Oct-17,15.53,15.505,15.67,15.126,14.51K,3.52%
25-Oct-17,15.002,14.969,15.019,14.936,1.44K,-1.73%
24-Oct-17,15.266,15.654,15.662,14.895,5.57K,-0.81%
23-Oct-17,15.39,14.524,15.67,14.524,8.91K,3.55%
22-Oct-17,14.862,15.415,15.423,14.515,15.49K,-3.59%
19-Oct-17,15.415,15.382,15.588,14.936,4.70K,1.36%
18-Oct-17,15.208,15.299,15.299,14.845,5.14K,-0.91%
17-Oct-17,15.348,14.681,15.67,14.681,18.22K,1.14%
16-Oct-17,15.175,15.431,15.621,14.845,12.78K,-5.45%
15-Oct-17,16.049,15.662,16.495,15.043,33.01K,4.34%
12-Oct-17,15.382,15.192,15.67,15.142,16.42K,3.39%
11-Oct-17,14.878,14.845,15.184,14.845,31.34K,0.22%
10-Oct-17,14.845,14.845,14.845,14.845,2.66K,0.00%
9-Oct-17,14.845,14.845,14.845,14.689,10.20K,1.06%
8-Oct-17,14.689,14.235,14.845,14.227,6.83K,-0.16%
4-Oct-17,14.713,14.515,15.216,14.111,18.93K,-0.34%
3-Oct-17,14.763,14.812,14.812,14.359,1.30K,3.35%
2-Oct-17,14.285,14.219,14.969,13.823,41.89K,-1.08%
1-Oct-17,14.441,14.433,14.45,14.433,1.88K,-1.30%
28-Sep-17,14.631,14.639,15.01,14.227,9.29K,-3.84%
27-Sep-17,15.216,14.92,15.324,14.92,5.04K,2.27%
26-Sep-17,14.878,14.969,15.175,14.474,8.49K,-2.59%
25-Sep-17,15.274,15.86,15.876,14.936,19.31K,-1.65%
24-Sep-17,15.53,14.895,15.67,14.895,22.14K,4.67%
20-Sep-17,14.837,14.854,14.854,14.713,14.18K,0.84%
19-Sep-17,14.713,14.845,15.464,14.557,15.29K,-2.94%
18-Sep-17,15.159,14.557,14.573,14.557,0.60K,0.00%
17-Sep-17,15.159,14.829,15.258,14.804,4.49K,6.43%
14-Sep-17,14.243,14.285,14.285,14.219,2.61K,-4.06%
13-Sep-17,14.845,14.845,14.845,14.845,0.24K,0.00%
12-Sep-17,14.845,14.845,14.854,14.837,19.16K,-2.60%
11-Sep-17,15.241,15.216,15.216,15.216,0.24K,0.00%
6-Sep-17,15.241,15.258,15.258,15.216,2.58K,0.98%
5-Sep-17,15.093,14.862,15.258,14.862,2.03K,2.24%
30-Aug-17,14.763,14.425,14.845,14.425,7.50K,2.41%
29-Aug-17,14.416,14.416,14.433,14.392,8.49K,3.49%
28-Aug-17,13.93,13.831,14.021,13.831,1.21K,-2.76%
24-Aug-17,14.326,14.384,14.515,14.021,17.92K,1.05%
23-Aug-17,14.177,14.351,14.433,14.021,4.49K,0.29%
22-Aug-17,14.136,14.474,14.474,14.021,6.80K,0.82%
21-Aug-17,14.021,14.021,14.021,14.021,5.09K,1.43%
20-Aug-17,13.823,14.433,14.433,13.699,3.21K,-4.88%
17-Aug-17,14.532,14.746,14.746,14.351,1.85K,2.50%
16-Aug-17,14.177,14.845,14.845,13.831,9.34K,-4.77%
15-Aug-17,14.887,14.969,14.969,14.845,2.55K,-2.43%
14-Aug-17,15.258,15.258,15.258,15.258,1.21K,-3.14%
10-Aug-17,15.753,15.266,16.082,15.258,23.68K,0.32%
9-Aug-17,15.703,15.753,15.753,15.67,4.29K,-1.40%
8-Aug-17,15.926,15.918,16.165,15.711,6.67K,0.73%
7-Aug-17,15.81,15.876,15.918,15.711,4.73K,-0.47%
6-Aug-17,15.885,15.687,16.165,15.687,2.68K,-0.15%
3-Aug-17,15.909,15.794,16.165,15.423,26.37K,-0.82%
2-Aug-17,16.041,16.132,16.495,15.72,40.72K,-1.97%
1-Aug-17,16.363,16.14,16.825,16.124,51.52K,0.56%
31-Jul-17,16.272,15.497,16.965,15.497,100.03K,5.45%
30-Jul-17,15.431,15.052,15.621,15.052,10.99K,3.72%
27-Jul-17,14.878,14.845,15.423,14.845,259.94K,-1.64%
26-Jul-17,15.126,15.06,15.175,15.052,5.58K,0.44%
25-Jul-17,15.06,14.648,15.497,14.648,34.83K,4.40%
24-Jul-17,14.425,14.07,14.845,14.07,7.57K,1.45%
20-Jul-17,14.219,14.186,14.227,14.144,7.46K,-1.09%
19-Jul-17,14.375,14.433,14.441,14.12,9.40K,0.81%
18-Jul-17,14.26,14.367,14.367,14.029,40.37K,-0.97%
17-Jul-17,14.4,14.928,14.928,14.268,1.33K,-4.54%
16-Jul-17,15.085,14.054,15.662,14.045,17.77K,5.79%
13-Jul-17,14.26,14.268,14.441,14.029,13.13K,-4.21%
12-Jul-17,14.887,14.928,15.052,14.845,26.07K,-0.98%
11-Jul-17,15.035,15.332,15.431,14.598,77.47K,5.25%
10-Jul-17,14.285,13.815,14.582,13.815,70.88K,7.71%
9-Jul-17,13.262,12.676,13.856,12.379,43.38K,1.26%
6-Jul-17,13.097,13.089,13.13,12.874,9.74K,1.92%
5-Jul-17,12.85,12.685,13.113,12.685,17.59K,4.15%
4-Jul-17,12.338,11.901,12.371,11.901,14.16K,3.17%
3-Jul-17,11.959,11.959,11.959,11.959,6.07K,-0.34%
2-Jul-17,12,12.289,12.289,11.959,8.18K,-0.75%
22-Jun-17,12.091,11.629,12.355,11.629,6.90K,4.27%
21-Jun-17,11.596,11.596,11.596,11.588,1.05K,-2.23%
19-Jun-17,11.86,11.876,11.876,11.555,3.26K,0.56%
18-Jun-17,11.794,11.802,11.802,11.794,1.63K,-17.75%
14-Jun-17,14.34,14.3,14.41,14.3,7.24K,-0.07%
13-Jun-17,14.35,14.3,14.79,14.3,3.72K,-0.62%
12-Jun-17,14.44,14.5,14.5,14.25,5.72K,-0.28%
11-Jun-17,14.48,14.8,14.8,14.3,4.50K,0.56%
8-Jun-17,14.4,14.5,14.5,14.3,3.00K,0.00%
7-Jun-17,14.4,14.09,14.09,14.09,0.02K,0.00%
6-Jun-17,14.4,14.55,14.55,14.1,5.00K,-1.17%
5-Jun-17,14.57,14.5,14.65,14.5,3.36K,0.07%
4-Jun-17,14.56,14.6,14.61,14.51,6.39K,-0.88%
1-Jun-17,14.69,14.6,14.95,14.42,5.20K,2.01%
31-May-17,14.4,14.99,14.99,14.06,4.00K,-4.00%
29-May-17,15,14.75,15,14.75,10.20K,0.20%
28-May-17,14.97,14.55,15.44,14.55,9.52K,0.81%
25-May-17,14.85,14.52,14.99,14.51,2.70K,1.92%
24-May-17,14.57,14.89,14.89,14.5,5.99K,0.97%
23-May-17,14.43,14,14.7,14,15.06K,0.91%
22-May-17,14.3,14.78,14.78,14,34.09K,-4.73%
21-May-17,15.01,15.02,15.03,15,5.51K,0.00%
18-May-17,15.01,15.01,15.13,15,14.53K,-3.35%
17-May-17,15.53,15,15.69,15,23.50K,2.85%
16-May-17,15.1,15.35,15.35,15,17.96K,-2.20%
15-May-17,15.44,14.75,15.6,14.75,5.85K,3.83%
14-May-17,14.87,15.1,15.1,14.66,3.54K,0.13%
11-May-17,14.85,14.95,15.25,14.71,8.23K,-3.13%
10-May-17,15.33,15.31,15.6,15.06,24.87K,-0.13%
9-May-17,15.35,15.79,15.79,15.2,15.10K,-2.85%
8-May-17,15.8,15.9,16.1,15.52,23.91K,-1.13%
7-May-17,15.98,16.02,16.3,15.71,35.98K,-1.24%
4-May-17,16.18,15.6,16.45,15.6,43.05K,4.39%
3-May-17,15.5,14.62,16,14.6,64.10K,5.37%
2-May-17,14.71,14.5,15.18,14.2,61.03K,4.10%
30-Apr-17,14.13,14,14.4,14,25.85K,0.64%
27-Apr-17,14.04,14.3,14.3,13.85,25.31K,-2.50%
26-Apr-17,14.4,14.8,14.85,14,22.60K,1.27%
24-Apr-17,14.22,14.35,14.7,14.05,19.21K,-0.42%
23-Apr-17,14.28,15.44,15.49,14.01,8.73K,-2.86%
20-Apr-17,14.7,14.8,15.02,14.3,31.49K,0.96%
19-Apr-17,14.56,14.52,14.82,14.3,24.78K,-3.70%
18-Apr-17,15.12,14.89,15.7,14.55,81.60K,3.77%
13-Apr-17,14.57,13.69,14.89,13.69,107.76K,7.61%
12-Apr-17,13.54,13.51,13.9,13.2,20.79K,0.52%
11-Apr-17,13.47,13.85,13.85,13,44.50K,-3.79%
10-Apr-17,14,14,14.06,13.98,47.44K,0.65%
9-Apr-17,13.91,14.01,14.1,13.73,19.00K,-0.86%
6-Apr-17,14.03,14.25,14.25,14,25.39K,0.07%
5-Apr-17,14.02,13.9,14.25,13.9,47.98K,0.72%
4-Apr-17,13.92,14,14.22,13.73,18.78K,-0.07%
3-Apr-17,13.93,14,14.09,13.8,22.08K,-1.21%
2-Apr-17,14.1,14.2,14.45,13.9,51.33K,1.51%
30-Mar-17,13.89,13.87,14.11,13.7,50.00K,1.68%
29-Mar-17,13.66,13.5,13.9,13.45,44.02K,2.17%
28-Mar-17,13.37,13.13,13.55,13.02,40.43K,1.13%
27-Mar-17,13.22,13.5,13.5,13.13,26.18K,-0.75%
26-Mar-17,13.32,13.4,13.6,13.17,18.03K,-0.89%
23-Mar-17,13.44,13.6,13.86,13.3,46.90K,-0.22%
22-Mar-17,13.47,13,14,13,70.92K,3.46%
21-Mar-17,13.02,13.29,13.29,13,16.47K,-1.14%
20-Mar-17,13.17,13.6,13.6,12.81,63.05K,-2.73%
19-Mar-17,13.54,13.6,13.8,13.16,45.67K,1.96%
16-Mar-17,13.28,12.79,13.89,12.79,130.97K,4.48%
15-Mar-17,12.71,12.78,12.84,12.6,16.07K,0.39%
14-Mar-17,12.66,12.53,12.87,12.45,27.45K,-0.31%
13-Mar-17,12.7,12.55,12.84,12.47,50.37K,2.25%
12-Mar-17,12.42,12.39,12.6,12.3,17.79K,3.24%
9-Mar-17,12.03,12,12.08,12,25.61K,0.92%
8-Mar-17,11.92,12,12.22,11.82,19.95K,-1.00%
7-Mar-17,12.04,12.04,12.33,11.84,8.44K,-0.58%
6-Mar-17,12.11,12.19,12.25,12,5.20K,-0.57%
5-Mar-17,12.18,12.48,12.48,12.15,3.38K,-0.08%
2-Mar-17,12.19,12.35,12.36,12.01,1.21K,1.58%
28-Feb-17,12,11.9,12.05,11.9,27.18K,-0.17%
27-Feb-17,12.02,12.3,12.3,11.95,12.78K,-0.58%
26-Feb-17,12.09,12.06,12.1,12.06,2.94K,-2.03%
23-Feb-17,12.34,12.74,12.75,12,18.49K,-1.99%
22-Feb-17,12.59,12.33,12.89,12.3,10.44K,1.86%
21-Feb-17,12.36,12.31,12.56,12.19,12.33K,0.98%
20-Feb-17,12.24,12.15,12.51,12.1,32.51K,0.33%
19-Feb-17,12.2,12.2,12.46,12.16,2.74K,0.74%
16-Feb-17,12.11,12.11,12.11,12.11,1.00K,0.25%
15-Feb-17,12.08,12.19,12.25,12,34.05K,-4.73%
14-Feb-17,12.68,12.97,13,12.51,8.70K,1.28%
13-Feb-17,12.52,12.55,12.57,12.5,4.71K,-0.32%
12-Feb-17,12.56,12.57,12.57,12.52,1.09K,-1.41%
9-Feb-17,12.74,12.7,12.91,12.6,9.90K,-1.32%
8-Feb-17,12.91,13,13.01,12.69,24.28K,-0.92%
7-Feb-17,13.03,12.75,13.39,12.75,42.56K,3.41%
6-Feb-17,12.6,12.16,12.78,12.16,2.69K,1.61%
5-Feb-17,12.4,12.87,12.89,12.1,5.85K,0.90%
2-Feb-17,12.29,12.35,12.35,12.25,2.00K,-2.69%
1-Feb-17,12.63,12.7,12.8,12.05,3.79K,2.27%
31-Jan-17,12.35,12.49,12.5,12.2,6.15K,-3.59%
30-Jan-17,12.81,12.98,13,12.41,12.28K,-1.08%
29-Jan-17,12.95,13,13,12.8,4.37K,0.54%
26-Jan-17,12.88,12.75,12.99,12.65,24.89K,2.55%
24-Jan-17,12.56,12.31,12.79,12.31,17.84K,1.54%
23-Jan-17,12.37,12.3,12.6,12.27,9.41K,2.83%
22-Jan-17,12.03,11.95,12.57,11.84,2.35K,-1.64%
19-Jan-17,12.23,12.23,12.5,11.95,18.89K,-3.70%
18-Jan-17,12.7,13,13,12.32,12.36K,-2.46%
17-Jan-17,13.02,12.95,13.2,12.9,26.85K,0.46%
16-Jan-17,12.96,12.81,13.15,12.52,42.31K,2.13%
15-Jan-17,12.69,12.5,12.81,12.5,14.67K,1.85%
12-Jan-17,12.46,12.2,12.59,12.2,13.63K,2.21%
11-Jan-17,12.19,12.5,12.5,12.11,8.57K,-0.33%
10-Jan-17,12.23,12.62,12.62,12.07,11.90K,-0.41%
9-Jan-17,12.28,12.4,12.4,12.17,6.67K,-2.00%
8-Jan-17,12.53,12.56,12.7,12.31,13.41K,-0.40%
5-Jan-17,12.58,12.6,12.75,12.4,13.98K,1.53%
4-Jan-17,12.39,12.4,12.64,12.3,24.06K,-0.40%
3-Jan-17,12.44,12.35,12.59,12.35,6.06K,1.55%
2-Jan-17,12.25,12.69,12.69,12.18,18.59K,-1.37%
29-Dec-16,12.42,12.6,12.8,12.08,18.97K,-1.90%
28-Dec-16,12.66,12.82,12.85,12.49,24.70K,1.36%
27-Dec-16,12.49,12.48,12.69,12.4,12.86K,0.97%
26-Dec-16,12.37,12.32,12.5,12.25,12.42K,-0.96%
25-Dec-16,12.49,12.92,12.92,12.39,2.83K,-0.79%
22-Dec-16,12.59,12.98,12.98,12.5,13.61K,-1.87%
21-Dec-16,12.83,12.97,13,12.68,11.93K,-0.23%
20-Dec-16,12.86,12.71,13.01,12.67,16.58K,1.50%
19-Dec-16,12.67,12.5,12.9,12.4,13.55K,1.69%
18-Dec-16,12.46,12.5,12.52,12.39,5.62K,-1.27%
15-Dec-16,12.62,12.57,13,12.53,4.02K,0.40%
14-Dec-16,12.57,13,13,12.4,16.64K,-3.60%
13-Dec-16,13.04,13.25,13.35,12.71,18.48K,-0.08%
12-Dec-16,13.05,12.9,13.15,12.9,19.92K,2.11%
8-Dec-16,12.78,12.64,12.9,12.5,10.93K,1.51%
7-Dec-16,12.59,13.4,13.4,12.41,17.10K,-2.63%
6-Dec-16,12.93,13,13.01,12.78,12.98K,-1.15%
5-Dec-16,13.08,13.35,13.35,12.91,21.99K,-3.33%
4-Dec-16,13.53,13.8,13.97,13.35,37.22K,0.15%
1-Dec-16,13.51,13.53,13.75,13.4,12.33K,-0.44%
30-Nov-16,13.57,13.68,13.97,13.23,33.93K,1.50%
29-Nov-16,13.37,13.6,13.6,13.2,19.25K,-0.59%
28-Nov-16,13.45,13.41,13.61,13.27,26.65K,-1.75%
27-Nov-16,13.69,13.1,14,12.97,108.41K,4.42%
24-Nov-16,13.11,13.43,13.6,12.75,94.53K,-0.91%
23-Nov-16,13.23,12.7,13.58,12.6,113.02K,2.48%
22-Nov-16,12.91,13,13.2,12.6,50.86K,1.97%
21-Nov-16,12.66,12.8,12.85,12.5,46.11K,0.24%
20-Nov-16,12.63,12.42,12.95,12.3,17.23K,-1.86%
17-Nov-16,12.87,13.08,13.2,12.41,51.22K,-1.08%
16-Nov-16,13.01,12.85,13.2,12.84,37.43K,0.08%
15-Nov-16,13,12.45,13.15,12.45,79.31K,5.09%
14-Nov-16,12.37,12.3,12.59,12.16,83.51K,0.65%
13-Nov-16,12.29,12.43,12.93,12,121.77K,0.57%
10-Nov-16,12.22,12.35,12.47,12.02,107.92K,4.36%
9-Nov-16,11.71,11.5,11.98,11.3,16.33K,0.52%
8-Nov-16,11.65,11.94,11.96,11.5,21.85K,-1.27%
7-Nov-16,11.8,11.62,12,11.5,55.25K,3.78%
6-Nov-16,11.37,11.1,11.69,11,41.94K,-0.44%
3-Nov-16,11.42,11.88,11.92,11.05,33.21K,0.09%
2-Nov-16,11.41,11.55,11.77,11,31.97K,0.26%
1-Nov-16,11.38,11.34,11.68,11.16,7.42K,1.97%
31-Oct-16,11.16,11.25,11.34,11.07,7.69K,-0.45%
30-Oct-16,11.21,11.03,11.48,11.03,17.51K,2.28%
27-Oct-16,10.96,10.95,11.04,10.83,12.13K,1.01%
26-Oct-16,10.85,11.12,11.12,10.64,19.51K,0.37%
25-Oct-16,10.81,10.84,10.93,10.55,11.69K,1.50%
24-Oct-16,10.65,10.41,10.91,10.25,14.00K,-2.02%
23-Oct-16,10.87,10.9,11,10.63,6.24K,-0.64%
20-Oct-16,10.94,10.89,11,10.87,2.30K,4.99%
19-Oct-16,10.42,10.6,10.6,10.3,14.78K,-3.87%
18-Oct-16,10.84,11,11,10.61,9.74K,-0.46%
17-Oct-16,10.89,11.11,11.11,10.8,6.75K,-1.98%
16-Oct-16,11.11,11.01,11.4,11,10.20K,-1.77%
13-Oct-16,11.31,11.4,11.54,11.03,16.79K,1.53%
12-Oct-16,11.14,11.37,11.38,11,4.96K,0.54%
11-Oct-16,11.08,11.08,11.1,11.01,4.67K,-2.29%
10-Oct-16,11.34,11.28,11.83,11.05,45.51K,-1.13%
9-Oct-16,11.47,11.35,11.64,11.32,3.19K,-2.47%
5-Oct-16,11.76,11.54,12,11.54,8.83K,5.38%
4-Oct-16,11.16,11.2,11.35,11.06,4.15K,-3.54%
3-Oct-16,11.57,11.75,11.8,11.32,5.34K,4.05%
29-Sep-16,11.12,11.1,11.19,11.1,3.09K,-0.36%
28-Sep-16,11.16,11.31,11.31,11.06,1.60K,-2.02%
27-Sep-16,11.39,11.41,11.41,11.33,7.49K,-3.06%
25-Sep-16,11.75,11.48,11.94,11.48,8.50K,3.07%
22-Sep-16,11.4,11.27,11.45,11.27,2.62K,1.24%
21-Sep-16,11.26,11.4,11.4,11.07,24.40K,0.27%
20-Sep-16,11.23,11.22,11.26,11.16,1.45K,-0.88%
19-Sep-16,11.33,11.01,11.5,11,12.53K,1.98%
18-Sep-16,11.11,11.31,11.31,11,28.13K,-3.89%
15-Sep-16,11.56,11.85,11.85,11.5,0.60K,0.00%
14-Sep-16,11.56,11.38,11.38,11.38,0.41K,0.00%
8-Sep-16,11.56,11.57,11.57,11.56,0.85K,0.00%
7-Sep-16,11.56,11.56,11.92,11.4,4.46K,-0.86%
6-Sep-16,11.66,11.74,12,11.59,4.75K,-3.40%
5-Sep-16,12.07,12.2,12.4,11.85,18.94K,0.92%
4-Sep-16,11.96,11.8,12.01,11.71,7.82K,2.05%
1-Sep-16,11.72,11.65,11.8,11.63,6.52K,0.26%
31-Aug-16,11.69,11.75,11.75,11.54,7.40K,-2.58%
30-Aug-16,12,12,12.2,11.82,6.16K,1.61%
29-Aug-16,11.81,12.4,12.4,11.62,10.33K,-0.76%
28-Aug-16,11.9,12.04,12.04,11.75,10.34K,-1.90%
25-Aug-16,12.13,12.21,12.38,12.05,19.82K,-1.62%
24-Aug-16,12.33,12.5,12.59,12.18,10.45K,0.57%
23-Aug-16,12.26,12.49,12.5,12.06,20.33K,-2.47%
22-Aug-16,12.57,12.7,12.71,12.32,23.29K,-1.02%
21-Aug-16,12.7,12.71,12.71,12.67,4.08K,-0.63%
18-Aug-16,12.78,13,13,12.65,25.83K,-2.22%
17-Aug-16,13.07,12.97,13.31,12.85,87.53K,1.32%
16-Aug-16,12.9,12.43,13.16,12.4,108.18K,1.65%
15-Aug-16,12.69,13,13.05,12.41,49.72K,-0.47%
14-Aug-16,12.75,12.01,13,12,65.60K,5.11%
11-Aug-16,12.13,12.25,12.25,12.01,18.17K,-1.54%
10-Aug-16,12.32,12.26,12.52,12.25,21.90K,0.08%
9-Aug-16,12.31,12.27,12.49,12.26,12.26K,-0.81%
8-Aug-16,12.41,12.31,12.77,12.25,29.92K,0.49%
7-Aug-16,12.35,12.3,12.48,12.19,10.94K,-1.36%
4-Aug-16,12.52,12.4,12.8,12.31,20.39K,1.05%
3-Aug-16,12.39,12.38,12.5,12.2,9.62K,1.31%
2-Aug-16,12.23,12.12,12.5,12.12,10.56K,0.25%
1-Aug-16,12.2,12.38,12.43,12.1,21.00K,-0.41%
31-Jul-16,12.25,12.36,12.36,12.19,14.95K,-2.31%
28-Jul-16,12.54,12.81,12.88,12.3,18.20K,-1.10%
27-Jul-16,12.68,12.87,13,12.41,47.51K,1.52%
26-Jul-16,12.49,12.79,12.87,12.22,21.95K,-2.50%
25-Jul-16,12.81,12.8,12.96,12.6,24.18K,0.71%
24-Jul-16,12.72,12.74,13.2,12.35,36.92K,-1.70%
21-Jul-16,12.94,12.6,13.24,12.6,42.57K,0.00%
20-Jul-16,12.94,13.13,13.13,12.57,27.72K,-2.12%
19-Jul-16,13.22,12.82,13.5,12.8,31.95K,1.46%
18-Jul-16,13.03,12.98,13.4,12.8,83.74K,3.74%
17-Jul-16,12.56,11.9,12.95,11.87,85.61K,3.12%
14-Jul-16,12.18,12.49,12.55,11.84,43.41K,-0.33%
13-Jul-16,12.22,11.4,12.48,11.36,105.44K,7.67%
12-Jul-16,11.35,11.33,11.4,11.27,6.67K,0.71%
11-Jul-16,11.27,11.42,11.42,11.2,14.27K,-1.74%
10-Jul-16,11.47,11.38,11.55,11.37,17.47K,2.41%
4-Jul-16,11.2,11.2,11.39,11.06,15.49K,0.81%
3-Jul-16,11.11,11.12,11.5,10.94,13.44K,0.91%
29-Jun-16,11.01,11.2,11.2,10.91,13.99K,-0.54%
28-Jun-16,11.07,11,11.2,10.9,20.30K,0.54%
27-Jun-16,11.01,11.01,11.44,10.8,34.22K,-0.90%
26-Jun-16,11.11,11.01,11.5,10.99,19.43K,-8.78%
23-Jun-16,12.18,12.45,12.49,12,4.05K,3.66%
22-Jun-16,11.75,11.63,12.2,11.3,16.16K,-0.76%
21-Jun-16,11.84,12,12.24,11.6,6.06K,-0.17%
20-Jun-16,11.86,12.19,12.45,11.45,26.98K,-2.39%
19-Jun-16,12.15,12.7,12.7,12,17.86K,-1.38%
16-Jun-16,12.32,12.31,12.88,12.18,12.17K,-3.83%
15-Jun-16,12.81,13.49,13.49,12.1,9.38K,-4.55%
14-Jun-16,13.42,13.75,13.75,13.2,11.55K,-2.75%
13-Jun-16,13.8,13.9,13.9,13.58,6.79K,-1.36%
12-Jun-16,13.99,14,14.2,13.9,10.04K,-2.44%
9-Jun-16,14.34,14.01,14.78,14.01,9.53K,-0.14%
8-Jun-16,14.36,14.4,14.54,14.24,28.30K,0.14%
7-Jun-16,14.34,14.39,14.51,14.22,15.24K,0.42%
6-Jun-16,14.28,14.39,14.54,14.24,7.63K,-0.42%
5-Jun-16,14.34,14.4,14.4,14.28,17.41K,-1.10%
2-Jun-16,14.5,14.36,14.76,14.35,38.51K,0.97%
1-Jun-16,14.36,14.36,14.4,14.3,19.44K,-0.07%
31-May-16,14.37,14.4,14.44,14.2,15.57K,-0.48%
30-May-16,14.44,14.65,14.72,14.27,29.26K,-1.23%
29-May-16,14.62,14.66,14.78,14.54,26.25K,-1.62%
26-May-16,14.86,15.18,15.2,14.69,26.58K,-1.07%
25-May-16,15.02,14.55,15.24,14.52,84.70K,4.02%
24-May-16,14.44,14.4,14.71,14.26,35.82K,1.05%
23-May-16,14.29,14.59,14.59,14.08,25.73K,-1.24%
22-May-16,14.47,14.6,14.61,14.25,24.52K,2.12%
19-May-16,14.17,13.74,14.41,13.56,99.09K,1.50%
18-May-16,13.96,14.08,14.08,13.74,15.71K,0.50%
17-May-16,13.89,14.05,14.16,13.8,30.80K,-0.93%
16-May-16,14.02,14.16,14.32,13.76,24.24K,-0.57%
15-May-16,14.1,13.46,14.66,13.46,76.47K,3.91%
12-May-16,13.57,13.6,14.04,12.93,67.92K,-0.66%
11-May-16,13.66,13.85,14.15,13.3,60.53K,-2.57%
10-May-16,14.02,14.56,14.56,13.88,16.48K,-1.96%
9-May-16,14.3,14.4,14.63,14.2,16.35K,-0.63%
8-May-16,14.39,14.72,14.72,14.28,10.55K,0.28%
5-May-16,14.35,14.39,14.4,14,14.15K,1.70%
4-May-16,14.11,14.38,14.39,13.92,8.75K,-0.84%
3-May-16,14.23,14.8,14.8,13.96,10.73K,-3.46%
28-Apr-16,14.74,15,15.19,14.4,35.19K,0.00%
27-Apr-16,14.74,14.24,15.46,14,89.27K,4.84%
26-Apr-16,14.06,14.3,14.4,13.7,10.91K,-0.14%
24-Apr-16,14.08,14.31,14.31,13.8,3.39K,0.43%
21-Apr-16,14.02,13.99,14.38,13.72,6.89K,0.86%
20-Apr-16,13.9,14.57,14.57,13.69,18.38K,-3.07%
19-Apr-16,14.34,13.91,14.6,13.91,51.68K,4.90%
18-Apr-16,13.67,13.8,13.83,13.6,12.07K,0.51%
17-Apr-16,13.6,13.94,13.94,13.47,30.27K,-1.02%
14-Apr-16,13.74,13.32,13.99,13.28,12.98K,2.38%
13-Apr-16,13.42,13.6,13.68,13.28,8.96K,-0.81%
12-Apr-16,13.53,13.43,13.6,13.43,14.21K,1.05%
11-Apr-16,13.39,13.64,13.64,13.21,16.27K,-2.26%
10-Apr-16,13.7,14.39,14.39,13.6,5.18K,-1.86%
7-Apr-16,13.96,13.65,14.16,13.65,6.63K,-0.50%
6-Apr-16,14.03,14.4,14.6,13.6,29.46K,-3.24%
5-Apr-16,14.5,14.4,14.77,14.24,16.27K,0.83%
4-Apr-16,14.38,14.24,14.41,14.18,12.43K,0.00%
3-Apr-16,14.38,14.53,14.71,14.16,12.20K,-0.96%
31-Mar-16,14.52,14.39,14.64,14.39,18.01K,0.55%
30-Mar-16,14.44,14.63,14.78,14.24,14.58K,-1.16%
29-Mar-16,14.61,14.79,15.07,14.22,67.54K,-0.41%
28-Mar-16,14.67,14.25,14.88,14.25,47.08K,2.44%
27-Mar-16,14.32,14.55,14.56,14.22,38.37K,0.28%
24-Mar-16,14.28,14.24,14.5,14.08,38.26K,0.71%
23-Mar-16,14.18,14.18,14.49,14.08,35.25K,-0.35%
22-Mar-16,14.23,14.29,14.32,13.93,10.56K,-1.04%
21-Mar-16,14.38,14.39,14.55,14.2,18.67K,0.07%
20-Mar-16,14.37,14.41,14.88,13.71,73.74K,-0.83%
17-Mar-16,14.49,14.7,14.76,14.4,37.28K,-0.21%
16-Mar-16,14.52,14.34,14.76,14.32,72.67K,-0.27%
15-Mar-16,14.56,14.5,15.18,14,89.16K,0.41%
14-Mar-16,14.5,15,15.04,14.24,56.63K,4.32%
13-Mar-16,13.9,13.2,14.35,12.9,204.94K,6.51%
10-Mar-16,13.05,13.44,13.54,12.76,52.90K,-0.61%
9-Mar-16,13.13,12.96,13.41,12.8,15.81K,1.70%
8-Mar-16,12.91,13.44,13.48,12.6,14.45K,-2.79%
7-Mar-16,13.28,12.39,13.58,12.39,65.92K,7.53%
6-Mar-16,12.35,12.47,12.48,12.16,10.03K,2.49%
3-Mar-16,12.05,12.01,12.24,12,6.69K,0.00%
2-Mar-16,12.05,12.22,12.22,11.96,6.19K,-4.29%
1-Mar-16,12.59,12.4,12.8,12.22,33.77K,3.37%
29-Feb-16,12.18,12.51,12.52,11.82,14.74K,-0.73%
28-Feb-16,12.27,11.77,12.52,11.77,14.25K,4.25%
25-Feb-16,11.77,11.81,11.81,11.69,9.66K,-1.09%
24-Feb-16,11.9,12.03,12.03,11.8,9.97K,-1.33%
23-Feb-16,12.06,12.6,12.6,12,10.77K,-0.74%
22-Feb-16,12.15,12.16,12.18,12,3.03K,-0.57%
21-Feb-16,12.22,12.24,12.63,12.08,8.40K,0.08%
18-Feb-16,12.21,12.4,12.4,12.08,6.29K,-0.97%
17-Feb-16,12.33,12.41,12.56,12.16,11.20K,-3.45%
16-Feb-16,12.77,12.51,13.1,12.51,27.21K,4.93%
15-Feb-16,12.17,12.12,12.52,12.04,11.65K,3.14%
14-Feb-16,11.8,11.49,12.24,11.49,7.97K,1.81%
11-Feb-16,11.59,11.76,12,11.2,7.13K,-6.23%
10-Feb-16,12.36,12.15,12.52,12.14,30.14K,4.57%
9-Feb-16,11.82,11.99,12,11.66,3.85K,-0.34%
8-Feb-16,11.86,11.92,12.54,11.36,19.14K,1.54%
7-Feb-16,11.68,11.68,11.68,11.68,1.31K,-1.60%
4-Feb-16,11.87,12.02,12.06,11.63,6.02K,-1.58%
3-Feb-16,12.06,12.48,12.48,11.76,9.25K,-3.60%
2-Feb-16,12.51,12.6,12.66,12,17.13K,5.30%
1-Feb-16,11.88,11.6,12.36,11.48,18.49K,3.57%
31-Jan-16,11.47,10.9,11.93,10.8,22.01K,5.62%
28-Jan-16,10.86,10.81,10.89,10.8,3.40K,2.65%
27-Jan-16,10.58,10.81,11.03,10.41,14.36K,-3.11%
26-Jan-16,10.92,10.95,10.96,10.81,4.06K,4.70%
24-Jan-16,10.43,10.64,10.64,10.64,0.25K,0.00%
21-Jan-16,10.43,10.36,10.45,10.28,2.43K,-0.10%
20-Jan-16,10.44,10.41,10.8,10.33,12.95K,-5.26%
19-Jan-16,11.02,10.85,11.2,10.72,9.21K,5.76%
18-Jan-16,10.42,10.14,10.96,10.14,18.44K,4.41%
17-Jan-16,9.98,10.09,10.3,9.6,14.52K,-4.95%
14-Jan-16,10.5,11.2,11.2,10.24,9.42K,-5.91%
13-Jan-16,11.16,11.46,11.46,10.88,19.63K,-3.63%
12-Jan-16,11.58,11.6,11.81,11.37,10.72K,-1.95%
11-Jan-16,11.81,12.11,12.11,11.53,10.24K,-1.75%
10-Jan-16,12.02,12.2,12.2,11.84,6.83K,-2.91%
6-Jan-16,12.38,12.42,12.42,12.32,12.94K,-1.20%
5-Jan-16,12.53,12.8,12.8,12.34,10.83K,0.72%
4-Jan-16,12.44,12.44,12.64,12.41,8.98K,-3.72%
3-Jan-16,12.92,13.07,13.08,12.72,3.58K,1.65%
31-Dec-15,12.71,12.95,12.96,12.65,9.97K,-0.86%
30-Dec-15,12.82,12.98,13.03,12.68,16.82K,-2.29%
29-Dec-15,13.12,12.48,13.36,12.48,41.86K,3.63%
28-Dec-15,12.66,12.57,13.04,12.33,39.20K,0.80%
27-Dec-15,12.56,12.64,12.66,12.42,4.54K,-2.48%
24-Dec-15,12.88,13.04,13.2,12.58,44.51K,-0.62%
22-Dec-15,12.96,13.1,13.44,12.57,35.59K,-0.46%
21-Dec-15,13.02,12.52,13.28,12.52,155.10K,5.51%
20-Dec-15,12.34,12.1,12.52,12.09,65.29K,1.98%
17-Dec-15,12.1,11.22,12.33,11.22,141.68K,7.94%
16-Dec-15,11.21,11.16,11.34,11,9.81K,0.00%
15-Dec-15,11.21,10.96,11.37,10.96,18.40K,4.38%
14-Dec-15,10.74,10.77,11.1,10.64,9.57K,0.28%
13-Dec-15,10.71,10.86,10.86,10.61,6.49K,-2.46%
10-Dec-15,10.98,10.97,10.98,10.94,1.76K,-2.05%
9-Dec-15,11.21,11.2,11.26,10.99,5.29K,1.91%
8-Dec-15,11,11.12,11.2,10.81,10.25K,-3.25%
7-Dec-15,11.37,11.21,11.68,11.07,35.76K,1.61%
6-Dec-15,11.19,11.18,11.35,11.01,15.98K,1.08%
3-Dec-15,11.07,11.22,11.32,10.82,21.61K,-0.90%
2-Dec-15,11.17,11.03,11.32,11.03,31.13K,2.57%
1-Dec-15,10.89,10.77,10.96,10.74,15.71K,3.03%
30-Nov-15,10.57,10.62,10.62,10.5,4.75K,-0.75%
29-Nov-15,10.65,10.8,10.8,10.54,13.67K,-1.39%
26-Nov-15,10.8,10.81,10.88,10.75,12.60K,-0.09%
25-Nov-15,10.81,10.9,10.94,10.72,13.00K,1.12%
24-Nov-15,10.69,10.54,10.9,10.4,11.42K,-0.47%
23-Nov-15,10.74,11.29,11.29,10.56,23.42K,-3.94%
22-Nov-15,11.18,10.94,11.26,10.94,10.13K,0.36%
19-Nov-15,11.14,11,11.28,11,24.82K,2.96%
18-Nov-15,10.82,10.74,11.03,10.68,15.42K,2.85%
17-Nov-15,10.52,10.65,10.74,10.29,14.97K,-0.94%
16-Nov-15,10.62,11,11.07,9.68,33.05K,-0.56%
15-Nov-15,10.68,11.04,11.04,10.57,11.22K,-4.04%
12-Nov-15,11.13,11.21,11.21,11.1,6.02K,0.18%
11-Nov-15,11.11,11.05,11.31,11.02,14.06K,-1.33%
10-Nov-15,11.26,11.41,11.43,11.02,14.92K,-2.43%
9-Nov-15,11.54,11.61,11.8,11.31,20.60K,-0.17%
8-Nov-15,11.56,11.92,11.92,11.44,46.93K,-5.17%
5-Nov-15,12.19,12.08,12.34,12.08,12.93K,0.99%
4-Nov-15,12.07,12,12.18,11.88,8.55K,1.00%
3-Nov-15,11.95,12.09,12.16,11.8,23.91K,-1.32%
2-Nov-15,12.11,12.08,12.17,12.02,4.49K,-0.57%
1-Nov-15,12.18,12.17,12.63,11.96,23.44K,-1.30%
29-Oct-15,12.34,12.56,12.56,12.2,17.81K,-0.48%
28-Oct-15,12.4,12.34,12.56,12.32,26.76K,-0.16%
27-Oct-15,12.42,12.41,12.7,12.39,18.46K,-1.74%
26-Oct-15,12.64,12.66,12.66,12.59,11.19K,-0.08%
25-Oct-15,12.65,12.79,13.08,12.58,22.42K,-0.24%
22-Oct-15,12.68,12.82,12.87,12.52,26.14K,-2.61%
21-Oct-15,13.02,12.68,13.32,12.68,58.78K,1.40%
20-Oct-15,12.84,12.94,13.08,12.6,39.73K,0.39%
19-Oct-15,12.79,12.68,13.01,12.56,52.32K,2.98%
18-Oct-15,12.42,12.48,12.74,12.24,53.42K,-0.96%
15-Oct-15,12.54,12.68,12.69,12.48,10.64K,-2.41%
13-Oct-15,12.85,12.94,12.97,12.8,35.99K,-2.50%
12-Oct-15,13.18,13.06,13.41,12.96,23.78K,0.38%
11-Oct-15,13.13,12.89,13.35,12.88,9.69K,0.77%
8-Oct-15,13.03,12.96,13.34,12.84,29.98K,2.04%
7-Oct-15,12.77,12.8,12.91,12.56,19.84K,3.15%
5-Oct-15,12.38,12.03,12.66,12,5.16K,-3.05%
4-Oct-15,12.77,12.71,12.8,12.57,7.68K,1.11%
1-Oct-15,12.63,12.87,12.87,12.56,4.41K,0.16%
30-Sep-15,12.61,12.86,12.86,12.5,4.22K,-0.32%
29-Sep-15,12.65,12.68,12.69,12.49,0.78K,0.00%
28-Sep-15,12.65,12.48,12.94,12.4,14.69K,0.56%
22-Sep-15,12.58,12.6,12.6,12.58,2.02K,-2.18%
21-Sep-15,12.86,12.8,12.92,12.62,3.59K,3.96%
20-Sep-15,12.37,12.6,12.6,12.32,7.27K,-2.68%
17-Sep-15,12.71,12.84,12.84,12.6,5.46K,-0.24%
16-Sep-15,12.74,12.8,12.94,12.56,27.37K,1.11%
15-Sep-15,12.6,12.8,12.8,12.48,28.07K,-2.17%
14-Sep-15,12.88,12.95,13.1,12.64,16.42K,0.47%
13-Sep-15,12.82,12.8,12.97,12.57,4.35K,1.58%
10-Sep-15,12.62,12.48,12.8,12.42,7.38K,-2.47%
9-Sep-15,12.94,13.2,13.2,12.6,2.99K,2.86%
8-Sep-15,12.58,13.04,13.04,12.32,40.55K,-7.23%
7-Sep-15,13.56,13.6,13.62,13.06,36.09K,0.37%
6-Sep-15,13.51,13.74,13.74,13.37,6.74K,-1.31%
3-Sep-15,13.69,14.14,14.14,13.6,24.24K,-1.37%
2-Sep-15,13.88,13.6,14,13.44,32.78K,1.76%
1-Sep-15,13.64,13.6,14,13.44,88.38K,1.34%
31-Aug-15,13.46,13.18,13.61,13.18,29.79K,2.44%
30-Aug-15,13.14,13.2,13.55,12.89,19.77K,-0.68%
27-Aug-15,13.23,13.2,13.6,13,21.65K,5.33%
26-Aug-15,12.56,12,12.93,12,34.41K,3.80%
25-Aug-15,12.1,12.31,12.77,11.56,25.96K,1.34%
24-Aug-15,11.94,12.62,12.8,11.43,35.09K,-5.98%
23-Aug-15,12.7,13.3,13.3,12.14,12.15K,-5.51%
20-Aug-15,13.44,13.45,13.72,13.12,27.29K,-2.40%
19-Aug-15,13.77,13.4,13.92,13.38,26.50K,-0.65%
18-Aug-15,13.86,14.31,14.31,13.4,18.68K,-2.60%
17-Aug-15,14.23,14.4,14.56,13.85,26.84K,-1.04%
16-Aug-15,14.38,14.87,14.87,14.1,23.93K,-4.64%
13-Aug-15,15.08,15.2,15.2,14.88,7.63K,-0.26%
12-Aug-15,15.12,15.22,15.22,14.74,16.68K,-1.56%
11-Aug-15,15.36,15.4,15.7,15.14,14.18K,-0.13%
10-Aug-15,15.38,14.79,15.74,14.79,24.45K,4.91%
9-Aug-15,14.66,15,15.06,14.4,16.90K,-3.17%
5-Aug-15,15.14,15.86,15.86,14.98,18.56K,-3.38%
4-Aug-15,15.67,15.98,16.04,15.32,12.85K,3.36%
3-Aug-15,15.16,15.22,15.44,14.89,12.55K,-3.99%
2-Aug-15,15.79,16.12,16.12,15.48,13.33K,-1.00%
30-Jul-15,15.95,15.36,16.32,15.36,37.34K,3.64%
29-Jul-15,15.39,15.2,15.86,14.69,19.87K,0.59%
28-Jul-15,15.3,15.2,15.73,14.97,28.61K,3.52%
27-Jul-15,14.78,14.16,15.2,14.12,33.12K,1.16%
26-Jul-15,14.61,14.88,14.91,14.1,23.83K,-0.27%
22-Jul-15,14.65,14.26,15,14.26,41.09K,5.40%
21-Jul-15,13.9,13.98,14.36,13.72,13.54K,-1.28%
16-Jul-15,14.08,14,14.3,13.92,5.33K,1.29%
15-Jul-15,13.9,13.72,14.13,13.54,17.19K,2.06%
14-Jul-15,13.62,13.44,13.94,13.28,17.01K,3.03%
13-Jul-15,13.22,13.48,13.59,13.12,16.49K,-2.36%
12-Jul-15,13.54,13.62,13.62,13.29,13.34K,-0.66%
9-Jul-15,13.63,13.6,13.99,13.48,9.11K,1.79%
8-Jul-15,13.39,14.08,14.08,12.85,10.18K,-5.30%
7-Jul-15,14.14,14.41,14.76,13.77,15.13K,-1.81%
6-Jul-15,14.4,15.2,15.2,14.04,14.74K,-7.22%
5-Jul-15,15.52,15.69,15.99,15.24,8.93K,-1.83%
2-Jul-15,15.81,15.46,16,15.46,5.43K,-0.25%
29-Jun-15,15.85,15.92,15.99,15.68,10.27K,-1.80%
28-Jun-15,16.14,16.01,16.4,16.01,10.78K,0.94%
25-Jun-15,15.99,15.92,16.32,15.63,13.95K,0.82%
24-Jun-15,15.86,16.02,16.02,15.66,5.38K,0.00%
23-Jun-15,15.86,16.01,16.16,15.78,17.21K,-1.49%
22-Jun-15,16.1,16.34,16.39,16.01,6.19K,-3.13%
21-Jun-15,16.62,16.6,16.8,16.34,10.81K,-0.66%
18-Jun-15,16.73,16.52,17.18,16.13,41.47K,3.14%
17-Jun-15,16.22,16.24,16.56,16.1,4.56K,-0.49%
16-Jun-15,16.3,15.4,16.56,15.4,56.03K,5.64%
15-Jun-15,15.43,15.28,15.72,15.04,19.84K,-0.13%
14-Jun-15,15.45,15.6,15.83,15.28,4.62K,-2.34%
11-Jun-15,15.82,15.68,16.15,15.56,14.11K,-1.00%
10-Jun-15,15.98,16.09,16.38,15.63,17.36K,-0.68%
9-Jun-15,16.09,16.47,16.56,15.8,34.41K,-0.80%
8-Jun-15,16.22,16.4,17.11,15.94,102.82K,0.68%
7-Jun-15,16.11,16.2,16.39,16,19.37K,-1.29%
4-Jun-15,16.32,16.8,16.8,15.86,15.59K,-2.04%
3-Jun-15,16.66,16.64,17.06,16.25,15.18K,-1.01%
2-Jun-15,16.83,16.64,17.12,16.58,14.47K,1.14%
1-Jun-15,16.64,16.87,17.06,16.4,13.34K,-0.95%
31-May-15,16.8,16.64,17.1,16.52,9.17K,-4.27%
28-May-15,17.55,17.6,18,17.13,33.89K,-2.06%
27-May-15,17.92,17.84,18.31,17.62,24.83K,0.22%
26-May-15,17.88,17.92,18.23,17.62,29.46K,-0.56%
25-May-15,17.98,18.17,18.24,17.72,13.76K,-1.75%
24-May-15,18.3,18.19,18.56,18,67.11K,2.58%
21-May-15,17.84,17.76,18.15,17.58,26.26K,2.23%
20-May-15,17.45,17.59,18.06,17.13,23.59K,-1.13%
19-May-15,17.65,18.06,18.06,17,24.45K,2.38%
18-May-15,17.24,16.02,17.78,16.02,26.47K,6.62%
17-May-15,16.17,16.02,16.51,15.68,18.65K,-3.17%
14-May-15,16.7,17.6,17.6,16.25,42.90K,-5.92%
13-May-15,17.75,17.95,18.24,17.62,8.81K,-3.11%
12-May-15,18.32,18.39,18.55,18.02,17.56K,-0.16%
11-May-15,18.35,18.45,18.45,17.86,19.22K,-0.16%
10-May-15,18.38,18.4,18.42,18.24,18.89K,1.66%
7-May-15,18.08,18.24,18.39,17.72,34.72K,-1.63%
6-May-15,18.38,18.99,19,18.14,43.90K,-1.66%
5-May-15,18.69,18.68,18.94,18.47,16.62K,1.30%
4-May-15,18.45,18.59,18.7,17.88,23.00K,-0.11%
3-May-15,18.47,18.98,19.02,18.06,92.88K,-4.30%
30-Apr-15,19.3,19.2,19.76,18.72,26.39K,2.22%
29-Apr-15,18.88,18.6,19.5,18.24,48.84K,2.00%
28-Apr-15,18.51,18.44,19.04,18.39,25.94K,-3.54%
27-Apr-15,19.19,20,20,18.4,48.41K,-3.57%
26-Apr-15,19.9,19.6,20.02,19.53,6.37K,0.00%
23-Apr-15,19.9,0,20.22,19.6,36.33K,0.96%
22-Apr-15,19.71,19.68,19.99,19.3,30.07K,1.28%
21-Apr-15,19.46,19.39,19.8,19.21,23.68K,1.25%
20-Apr-15,19.22,19.44,19.44,19.09,18.12K,-2.24%
19-Apr-15,19.66,19.91,20,19.29,23.83K,0.82%
16-Apr-15,19.5,18.82,19.83,18.81,24.78K,-0.61%
15-Apr-15,19.62,19.79,20.15,18.88,18.42K,-2.24%
14-Apr-15,20.07,20.36,20.36,19.76,34.16K,-1.33%
9-Apr-15,20.34,20.36,20.77,20,31.14K,2.21%
8-Apr-15,19.9,19.23,20.34,19.2,49.59K,0.30%
7-Apr-15,19.84,19.99,20.27,19.48,40.87K,4.97%
6-Apr-15,18.9,19.52,19.83,18.4,86.16K,-1.15%
5-Apr-15,19.12,20.13,20.2,18.42,73.76K,-6.55%
2-Apr-15,20.46,21.27,21.51,20.03,54.70K,-3.22%
1-Apr-15,21.14,21.51,21.58,20.82,47.92K,-1.77%
31-Mar-15,21.52,22.07,22.34,21.14,78.41K,-2.49%
30-Mar-15,22.07,21.76,22.56,21.65,54.33K,1.89%
29-Mar-15,21.66,21.96,22,21.28,27.68K,2.31%
26-Mar-15,21.17,21.84,21.84,20.51,68.77K,-2.44%
25-Mar-15,21.7,23,23,20.86,72.86K,-4.62%
24-Mar-15,22.75,22.57,23.31,22.43,49.30K,0.18%
23-Mar-15,22.71,21.8,23.2,21.76,81.40K,1.66%
22-Mar-15,22.34,23.02,23.02,21.7,53.53K,-3.00%
19-Mar-15,23.03,23.2,23.55,22.76,67.51K,0.35%
18-Mar-15,22.95,23.2,23.48,22.62,110.94K,-2.26%
17-Mar-15,23.48,23.82,24.24,22.89,218.36K,-2.69%
16-Mar-15,24.13,24.8,25,23.45,152.87K,-1.95%
15-Mar-15,24.61,24.32,25.32,24,184.49K,4.55%
12-Mar-15,23.54,22.44,24.23,22.44,196.36K,4.58%
11-Mar-15,22.51,22.54,22.88,22.22,58.06K,-1.19%
10-Mar-15,22.78,22.39,23.2,22.2,102.16K,5.17%
9-Mar-15,21.66,20.57,22.4,20.57,137.33K,4.23%
8-Mar-15,20.78,21.04,21.09,20.46,22.59K,0.24%
5-Mar-15,20.73,20.14,20.94,20.14,47.65K,2.12%
4-Mar-15,20.3,20.21,20.57,20.06,19.25K,-0.88%
3-Mar-15,20.48,20.78,20.8,20.13,35.66K,0.34%
2-Mar-15,20.41,20.17,20.79,20.09,20.10K,1.54%
1-Mar-15,20.1,19.45,20.56,19.45,40.21K,0.60%
26-Feb-15,19.98,20.28,20.47,19.54,47.67K,-1.77%
25-Feb-15,20.34,20.65,21.14,19.86,38.14K,-3.28%
24-Feb-15,21.03,21.5,21.53,20.76,19.95K,-1.54%
23-Feb-15,21.36,21.54,21.71,21.01,39.24K,0.75%
22-Feb-15,21.2,21.71,21.84,20.88,16.74K,-0.93%
19-Feb-15,21.4,21.62,22.07,21,55.85K,-1.43%
18-Feb-15,21.71,21.56,22.07,21.37,43.09K,1.45%
17-Feb-15,21.4,21.61,22.36,20.64,113.29K,-4.04%
16-Feb-15,22.3,22.4,23.1,21.6,150.76K,-1.24%
15-Feb-15,22.58,22,23.01,22,134.93K,2.17%
12-Feb-15,22.1,21.6,22.54,21.6,150.35K,0.14%
11-Feb-15,22.07,21.78,22.58,21.44,156.40K,3.03%
10-Feb-15,21.42,20.5,22,20.36,297.76K,4.23%
9-Feb-15,20.55,20.64,20.8,20.14,79.11K,0.69%
8-Feb-15,20.41,19.73,20.79,19.68,141.74K,2.36%
5-Feb-15,19.94,19.87,20.24,19.5,61.57K,1.48%
4-Feb-15,19.65,19.21,20.31,18.88,190.05K,2.08%
3-Feb-15,19.25,19.35,19.56,18.98,34.96K,0.79%
2-Feb-15,19.1,18.8,19.35,18.72,31.11K,1.00%
1-Feb-15,18.91,19,19.39,18.53,11.86K,-1.41%
29-Jan-15,19.18,19.1,19.56,18.88,29.01K,0.89%
28-Jan-15,19.01,18.74,19.28,18.6,28.07K,-1.35%
27-Jan-15,19.27,19.6,19.6,18.9,12.07K,0.00%
26-Jan-15,19.27,19.2,19.8,19.07,14.95K,0.05%
22-Jan-15,19.26,19.6,19.6,19.14,23.54K,-1.73%
21-Jan-15,19.6,19.36,19.8,19.34,11.98K,-0.66%
20-Jan-15,19.73,19.74,20.14,19.28,54.48K,1.54%
19-Jan-15,19.43,19.22,19.75,19.16,30.85K,0.10%
18-Jan-15,19.41,19.64,19.91,19.2,33.40K,-1.02%
15-Jan-15,19.61,19.92,20.12,19.13,61.32K,-1.85%
14-Jan-15,19.98,20.04,20.51,19.61,48.19K,-0.99%
13-Jan-15,20.18,19.83,20.47,19.83,58.24K,-0.44%
12-Jan-15,20.27,20.24,20.73,19.88,51.56K,-1.75%
11-Jan-15,20.63,20.55,21.02,20.05,126.36K,1.68%
8-Jan-15,20.29,19.96,20.76,19.53,168.06K,5.24%
6-Jan-15,19.28,18.16,19.94,18.16,169.11K,3.21%
5-Jan-15,18.68,18.46,19.02,18.25,27.75K,1.97%
4-Jan-15,18.32,18.49,18.5,18.02,13.63K,-0.43%
31-Dec-14,18.4,18.51,18.6,18.16,14.95K,-2.39%
30-Dec-14,18.85,19.05,19.28,18.46,14.43K,-2.18%
29-Dec-14,19.27,18.88,19.59,18.88,22.65K,2.23%
28-Dec-14,18.85,18.74,19.11,18.66,6.82K,-0.16%
25-Dec-14,18.88,18.89,19.32,18.75,11.11K,-0.63%
24-Dec-14,19,19.52,19.52,18.92,5.88K,0.00%
23-Dec-14,19,19.06,19.68,18.08,36.94K,-1.45%
22-Dec-14,19.28,19.01,19.68,19,23.31K,1.80%
21-Dec-14,18.94,19.44,19.44,18.58,27.44K,3.44%
18-Dec-14,18.31,18.4,18.7,18.08,32.18K,6.33%
17-Dec-14,17.22,18.28,18.34,16.6,50.07K,-6.57%
16-Dec-14,18.43,18.42,18.8,18.1,34.44K,-4.21%
15-Dec-14,19.24,18.92,19.96,18.4,33.43K,1.16%
14-Dec-14,19.02,20.16,20.16,18.55,51.33K,-7.71%
11-Dec-14,20.61,20.8,21.07,20,31.61K,-2.09%
10-Dec-14,21.05,21.53,21.58,20.72,38.72K,-1.50%
9-Dec-14,21.37,21.44,21.61,21.04,40.74K,-2.15%
8-Dec-14,21.84,21.46,22.4,20.92,136.87K,3.07%
7-Dec-14,21.19,21.2,21.59,20.88,53.88K,-0.47%
4-Dec-14,21.29,21.32,21.6,20.86,62.21K,2.26%
3-Dec-14,20.82,20.48,21.31,20.48,41.41K,0.24%
2-Dec-14,20.77,21.39,21.8,20.34,70.12K,-2.76%
1-Dec-14,21.36,21.37,22.24,20.83,71.13K,-0.14%
30-Nov-14,21.39,21.61,22.24,20.88,91.31K,-2.02%
27-Nov-14,21.83,22.7,22.7,21.45,59.10K,-4.09%
26-Nov-14,22.76,22.64,23.36,22.12,144.90K,0.93%
25-Nov-14,22.55,21.58,23.2,21.58,129.09K,3.16%
24-Nov-14,21.86,22.39,22.78,21,230.68K,0.00%
23-Nov-14,21.86,20.8,22.54,20.34,246.84K,6.01%
20-Nov-14,20.62,20.56,21.15,20,131.47K,4.62%
19-Nov-14,19.71,18.39,20.1,18.39,288.55K,7.82%
18-Nov-14,18.28,17.98,18.7,17.93,53.28K,1.67%
17-Nov-14,17.98,17.66,18.32,17.6,34.31K,-0.66%
16-Nov-14,18.1,17.81,18.72,17.6,64.89K,0.67%
13-Nov-14,17.98,17.61,18.55,17.28,42.40K,-0.66%
12-Nov-14,18.1,18.68,18.8,17.69,43.48K,-1.95%
11-Nov-14,18.46,18.42,19.11,18.12,100.85K,-1.39%
10-Nov-14,18.72,18.42,19.28,18.34,98.19K,3.43%
9-Nov-14,18.1,16.99,18.34,16.6,127.08K,8.58%
6-Nov-14,16.67,17.3,17.3,16.46,85.30K,-1.59%
5-Nov-14,16.94,16.98,17.2,16.82,5.90K,-1.17%
4-Nov-14,17.14,16.88,17.35,16.88,44.63K,1.18%
3-Nov-14,16.94,16.57,17.2,16.4,26.21K,0.59%
2-Nov-14,16.84,16.84,17.22,16.56,14.30K,0.36%
30-Oct-14,16.78,16.63,17.2,16.4,26.08K,2.19%
29-Oct-14,16.42,16.52,17.04,16.05,53.65K,-1.08%
28-Oct-14,16.6,16,17.02,16,8.94K,2.47%
27-Oct-14,16.2,16.4,16.78,15.8,21.54K,-0.18%
26-Oct-14,16.23,16.4,17.11,16,16.70K,-0.92%
23-Oct-14,16.38,16.8,16.8,16.21,14.96K,-2.38%
22-Oct-14,16.78,16.81,17.27,16.68,4.44K,0.06%
21-Oct-14,16.77,16.59,17.12,16.28,34.26K,1.15%
20-Oct-14,16.58,16.68,16.8,16.08,2.72K,5.20%
19-Oct-14,15.76,16.79,16.79,15.2,20.35K,-4.02%
16-Oct-14,16.42,17.2,17.2,15.98,40.20K,-7.44%
15-Oct-14,17.74,18.16,18.6,17.44,17.55K,0.11%
14-Oct-14,17.72,17.66,18.39,17.12,20.68K,-1.66%
13-Oct-14,18.02,17.6,18.16,17.6,35.68K,-1.37%
12-Oct-14,18.27,18.96,18.96,17.2,49.07K,-4.35%
9-Oct-14,19.1,18.64,19.6,18.4,55.36K,2.74%
8-Oct-14,18.59,18,19.08,17.65,49.55K,5.27%
2-Oct-14,17.66,17.63,17.72,17.6,7.88K,0.74%
1-Oct-14,17.53,17.6,17.62,17.4,13.81K,-2.23%
30-Sep-14,17.93,18.2,18.4,17.6,20.48K,-0.39%
29-Sep-14,18,17.52,18.24,17.52,19.18K,3.45%
28-Sep-14,17.4,16.91,17.6,16.69,11.42K,2.90%
25-Sep-14,16.91,17.2,17.44,16.68,13.81K,0.12%
24-Sep-14,16.89,16.88,17.24,16.82,2.90K,-2.20%
23-Sep-14,17.27,17.55,17.58,17.04,11.20K,0.64%
22-Sep-14,17.16,17.52,17.59,16.8,12.91K,-1.72%
21-Sep-14,17.46,18.08,18.08,17.25,4.87K,-0.63%
18-Sep-14,17.57,17.6,17.91,17.38,13.92K,0.40%
17-Sep-14,17.5,17.36,17.6,17.22,1.75K,-2.83%
16-Sep-14,18.01,17.4,18.4,17.4,5.68K,0.90%
15-Sep-14,17.85,17.61,18,17.61,2.88K,2.41%
14-Sep-14,17.43,17.38,17.6,17.36,6.87K,2.53%
11-Sep-14,17,16.9,17.66,16.8,10.88K,-3.13%
10-Sep-14,17.55,17.81,18.28,17,9.78K,-1.07%
9-Sep-14,17.74,18.95,18.95,17.59,36.29K,-3.69%
8-Sep-14,18.42,18.49,18.61,18.04,13.70K,-1.76%
7-Sep-14,18.75,18.84,19.11,18.53,12.09K,0.27%
4-Sep-14,18.7,18.69,18.75,18.69,1.50K,-0.48%
3-Sep-14,18.79,18.91,18.91,18.73,10.38K,-1.67%
2-Sep-14,19.11,19.21,19.21,19.01,9.67K,-0.21%
1-Sep-14,19.15,19.52,19.6,19.05,5.40K,-0.26%
31-Aug-14,19.2,19.24,19.36,19,10.54K,0.42%
28-Aug-14,19.12,19.08,19.4,19.02,5.53K,-0.16%
27-Aug-14,19.15,19.09,19.43,18.93,15.39K,0.90%
26-Aug-14,18.98,18.82,19.44,18.72,7.69K,-1.15%
25-Aug-14,19.2,19.28,19.55,18.88,18.18K,-1.23%
24-Aug-14,19.44,19.21,19.67,19.21,10.64K,1.14%
21-Aug-14,19.22,19.21,19.42,19,32.23K,-3.13%
20-Aug-14,19.84,19.92,20.31,19.33,27.96K,-0.75%
19-Aug-14,19.99,20,20.52,19.7,15.24K,-0.45%
18-Aug-14,20.08,20.76,20.76,19.77,26.22K,-1.76%
17-Aug-14,20.44,19.6,20.8,19.6,94.58K,3.02%
14-Aug-14,19.84,19.75,20.05,19.32,26.89K,2.59%
13-Aug-14,19.34,19.21,19.75,18.97,26.70K,0.62%
12-Aug-14,19.22,19.56,19.56,19.02,13.61K,-0.41%
11-Aug-14,19.3,19.42,20.05,19.2,10.03K,-0.46%
10-Aug-14,19.39,19.25,19.8,19.2,7.17K,-2.51%
7-Aug-14,19.89,19.91,20.2,19.4,46.92K,1.27%
6-Aug-14,19.64,19.41,19.88,19.4,9.12K,-1.11%
5-Aug-14,19.86,19.97,20.31,19.37,63.22K,-1.39%
4-Aug-14,20.14,20.3,20.71,19.46,65.93K,4.24%
3-Aug-14,19.32,18.42,20.22,18.2,90.76K,3.98%
31-Jul-14,18.58,18.8,19.08,18.4,49.37K,-0.96%
27-Jul-14,18.76,18.28,19.2,18.28,15.89K,0.05%
24-Jul-14,18.75,18.82,19.02,18.46,26.52K,0.75%
22-Jul-14,18.61,18.08,18.99,18.08,49.79K,4.14%
21-Jul-14,17.87,17.86,18.04,17.6,6.98K,0.56%
20-Jul-14,17.77,18,18.07,17.37,14.39K,-1.22%
17-Jul-14,17.99,17.18,18.36,17.18,40.66K,6.39%
16-Jul-14,16.91,17.38,17.38,16.73,10.59K,-1.69%
15-Jul-14,17.2,17.12,17.34,17.06,1.53K,2.50%
14-Jul-14,16.78,16.8,16.82,16.58,1.08K,-0.18%
13-Jul-14,16.81,16.81,16.81,16.8,1.06K,-0.71%
10-Jul-14,16.93,17.28,17.28,16.72,5.94K,-0.24%
9-Jul-14,16.97,17.21,17.21,16.81,1.88K,-2.81%
8-Jul-14,17.46,17.12,17.88,17.09,5.70K,2.11%
7-Jul-14,17.1,17.1,17.13,16.94,0.91K,-2.62%
6-Jul-14,17.56,17.39,17.92,17.21,8.79K,0.86%
3-Jul-14,17.41,17.35,17.48,17.35,2.34K,3.45%
2-Jul-14,16.83,16.28,17.25,16,23.56K,1.75%
30-Jun-14,16.54,16.08,16.8,16.08,6.01K,0.36%
26-Jun-14,16.48,17.1,17.1,16.1,2.75K,0.18%
25-Jun-14,16.45,15.99,16.64,15.99,5.41K,-0.78%
24-Jun-14,16.58,17.2,17.2,16,12.56K,-3.38%
23-Jun-14,17.16,17.36,17.36,16.84,9.23K,0.82%
22-Jun-14,17.02,17,17.05,17,2.00K,-0.93%
19-Jun-14,17.18,16.9,17.59,16.8,13.21K,-2.00%
18-Jun-14,17.53,17.4,17.94,17.4,0.66K,2.63%
17-Jun-14,17.08,17.28,17.44,16.8,12.86K,-4.04%
16-Jun-14,17.8,17.92,18.08,17.6,14.96K,-3.16%
15-Jun-14,18.38,17.7,18.41,17.7,16.71K,0.71%
12-Jun-14,18.25,18.4,18.64,17.68,37.55K,-0.54%
11-Jun-14,18.35,18,18.55,18,21.09K,3.44%
10-Jun-14,17.74,17.12,18.08,17.12,16.06K,-0.11%
9-Jun-14,17.76,17.61,18.71,17.41,18.58K,-0.11%
5-Jun-14,17.78,16.81,18.02,16.81,32.00K,8.48%
4-Jun-14,16.39,15.41,16.81,15.32,39.49K,4.13%
3-Jun-14,15.74,15.68,15.72,15.33,11.82K,3.01%
2-Jun-14,15.28,15.88,15.9,14.8,30.94K,-1.23%
1-Jun-14,15.47,17,17,15.22,43.78K,-8.46%
29-May-14,16.9,18.4,18.4,16.13,34.11K,-4.74%
28-May-14,17.74,18,18,17.45,9.45K,-3.11%
26-May-14,18.31,18.42,19.1,18,29.42K,-21.18%
25-May-14,23.23,23.5,23.5,23.07,5.87K,-0.60%
22-May-14,23.37,23.21,23.74,23.2,11.85K,3.45%
21-May-14,22.59,23,23,22.44,10.80K,-2.08%
20-May-14,23.07,23.35,23.64,22.55,14.22K,-0.52%
19-May-14,23.19,22.66,23.92,22.66,25.76K,4.18%
18-May-14,22.26,22.33,22.79,22,10.04K,-1.07%
15-May-14,22.5,22.84,22.84,22.4,14.30K,0.49%
14-May-14,22.39,21.8,22.85,21.77,16.39K,2.75%
13-May-14,21.79,0,22,21.5,10.82K,1.87%
12-May-14,21.39,21.34,21.65,21.18,7.06K,1.42%
11-May-14,21.09,21.35,21.39,20.97,6.65K,0.00%
8-May-14,21.09,21.5,21.5,20.71,13.33K,-1.91%
7-May-14,21.5,21.57,22.2,21,21.57K,-0.69%
6-May-14,21.65,21.63,21.84,21.5,21.03K,0.19%
5-May-14,21.61,21.53,21.99,21.46,13.37K,-0.92%
4-May-14,21.81,21.9,22,21.55,11.90K,-0.23%
30-Apr-14,21.86,21.84,22,21.5,3.95K,5.20%
29-Apr-14,20.78,20.5,21.8,20.23,5.79K,-3.62%
28-Apr-14,21.56,21.8,22.4,21.01,15.88K,-3.62%
27-Apr-14,22.37,22.75,22.84,21.7,11.53K,-1.28%
23-Apr-14,22.66,22.86,22.86,22.5,6.96K,-1.39%
22-Apr-14,22.98,23.02,23.48,22.75,12.60K,0.26%
17-Apr-14,22.92,22.6,23.23,22.51,14.79K,-0.82%
16-Apr-14,23.11,23,23.8,22.67,38.40K,1.14%
15-Apr-14,22.85,23,23.3,22.52,22.24K,-1.21%
14-Apr-14,23.13,22.45,23.49,22.45,25.23K,1.27%
13-Apr-14,22.84,23.21,23.35,22.42,19.44K,-1.47%
10-Apr-14,23.18,23,23.85,22.85,20.38K,1.05%
9-Apr-14,22.94,22.77,23.5,22.2,16.47K,2.00%
8-Apr-14,22.49,21.89,22.62,21.89,38.36K,9.33%
7-Apr-14,20.57,20.12,21.78,19.5,18.23K,-1.20%
6-Apr-14,20.82,22.02,22.02,19.89,17.14K,-5.79%
3-Apr-14,22.1,22.85,22.86,21.88,24.21K,-5.03%
2-Apr-14,23.27,23.8,24.4,22.67,19.87K,-1.94%
1-Apr-14,23.73,22.55,24.49,22.55,4.19K,0.30%
31-Mar-14,23.66,25.01,25.01,23.01,4.89K,-5.36%
30-Mar-14,25,24.3,25.57,24.2,13.60K,-2.08%
27-Mar-14,25.53,27.26,27.26,24.47,34.23K,-6.07%
26-Mar-14,27.18,27,27.6,26.72,19.05K,0.78%
25-Mar-14,26.97,27.4,27.43,26.63,16.59K,1.05%
24-Mar-14,26.69,25.9,27.8,25.76,31.49K,1.64%
23-Mar-14,26.26,26.42,26.94,25.91,41.17K,-2.16%
20-Mar-14,26.84,26.7,27.5,26.31,31.62K,-0.96%
19-Mar-14,27.1,27.65,27.65,26.05,37.03K,-1.70%
18-Mar-14,27.57,27.61,28,27.26,20.09K,-1.36%
17-Mar-14,27.95,27.27,28.39,27.26,12.35K,0.58%
16-Mar-14,27.79,28.4,28.49,27.39,15.66K,-1.49%
13-Mar-14,28.21,28,28.7,28,29.33K,-0.14%
12-Mar-14,28.25,28.25,29,28,17.98K,-1.84%
11-Mar-14,28.78,30,30,28,38.29K,-1.81%
10-Mar-14,29.31,28.45,30.01,28.45,37.43K,3.53%
9-Mar-14,28.31,28.15,28.75,27.5,17.30K,0.68%
6-Mar-14,28.12,29,29,27.55,12.77K,-1.33%
5-Mar-14,28.5,28.75,29,28.01,10.55K,-1.18%
4-Mar-14,28.84,28.2,29.11,28.05,10.32K,3.26%
3-Mar-14,27.93,28.5,28.5,27.27,18.63K,-4.12%
2-Mar-14,29.13,29.81,29.99,28.5,33.94K,-2.80%
27-Feb-14,29.97,30.45,30.75,29.66,32.62K,-0.70%
26-Feb-14,30.18,29.81,31,29.81,16.58K,-2.33%
25-Feb-14,30.9,30.25,31.8,29.99,101.40K,3.41%
24-Feb-14,29.88,29.61,30.42,29.58,14.10K,-1.16%
23-Feb-14,30.23,31.3,31.97,29.56,27.37K,-0.07%
20-Feb-14,30.25,30.4,30.95,30,36.51K,-1.40%
19-Feb-14,30.68,31,31.35,30.31,34.21K,-2.70%
18-Feb-14,31.53,31.9,32,31.01,31.17K,-1.35%
17-Feb-14,31.96,32.47,32.55,31.32,72.07K,-0.41%
16-Feb-14,32.09,31.7,32.69,31.5,85.73K,3.05%
13-Feb-14,31.14,29.34,32,29.01,155.95K,2.77%
12-Feb-14,30.3,30.8,31.18,29.31,72.50K,1.47%
11-Feb-14,29.86,29.8,30.2,29.03,39.16K,1.56%
10-Feb-14,29.4,29.5,30,28.82,44.92K,-2.55%
9-Feb-14,30.17,30.2,31.39,29.27,58.79K,-1.92%
6-Feb-14,30.76,30.75,31.8,30,84.64K,5.16%
5-Feb-14,29.25,28.05,30.65,27.6,193.86K,4.95%
4-Feb-14,27.87,27.45,28.6,26.7,73.40K,2.80%
3-Feb-14,27.11,27.25,27.69,26.75,75.72K,-2.06%
2-Feb-14,27.68,27.25,28.25,27.16,83.70K,4.49%
30-Jan-14,26.49,25.3,27.19,25.3,155.73K,5.04%
29-Jan-14,25.22,25.45,25.69,25,20.50K,-0.36%
28-Jan-14,25.31,25,25.63,24.99,24.07K,2.06%
27-Jan-14,24.8,24.65,25,24.35,13.64K,2.23%
26-Jan-14,24.26,24.5,24.67,24.01,29.51K,-1.86%
23-Jan-14,24.72,25,25,24.52,14.13K,-0.12%
22-Jan-14,24.75,24.99,25.16,24.65,17.06K,-0.96%
21-Jan-14,24.99,24.98,25.16,24.6,2.85K,0.20%
20-Jan-14,24.94,24.98,25.35,24.52,29.04K,1.01%
19-Jan-14,24.69,25.05,25.05,24.51,17.59K,-3.74%
16-Jan-14,25.65,25.81,26.27,25.25,24.28K,-2.80%
15-Jan-14,26.39,26.5,27.05,25.82,51.10K,-1.05%
14-Jan-14,26.67,26.99,27.25,26,57.31K,-0.41%
12-Jan-14,26.78,25.99,27.25,25.99,91.20K,3.16%
9-Jan-14,25.96,25.6,26.5,25.15,47.70K,2.08%
8-Jan-14,25.43,25.2,25.7,25,23.19K,1.56%
6-Jan-14,25.04,25.7,25.7,24.75,22.59K,-0.75%
5-Jan-14,25.23,24.75,25.63,24.6,40.01K,2.48%
2-Jan-14,24.62,24.02,24.8,24.02,7.68K,3.19%
31-Dec-13,23.86,23.97,23.97,23.66,7.85K,-0.62%
30-Dec-13,24.01,23.86,24.46,23.86,8.06K,0.33%
29-Dec-13,23.93,24.12,24.12,23.67,6.03K,-0.71%
26-Dec-13,24.1,24.21,24.21,24.04,14.14K,-1.03%
25-Dec-13,24.35,24.7,24.7,24.21,3.15K,0.83%
24-Dec-13,24.15,24,24.49,24,14.66K,-0.70%
23-Dec-13,24.32,24.51,24.51,24.01,14.05K,-0.86%
22-Dec-13,24.53,24.6,24.86,24.02,6.31K,-3.23%
19-Dec-13,25.35,25.15,25.94,24.71,57.19K,1.77%
18-Dec-13,24.91,25.25,25.27,24.73,7.97K,-0.20%
17-Dec-13,24.96,24.95,25.3,24.72,14.67K,1.92%
16-Dec-13,24.49,24.88,24.88,24.1,16.57K,-1.21%
15-Dec-13,24.79,24.96,25.36,24.27,30.74K,0.45%
12-Dec-13,24.68,24.42,24.86,24.42,10.58K,1.27%
11-Dec-13,24.37,24.75,24.75,24.3,7.61K,-0.08%
10-Dec-13,24.39,24.69,24.69,24.01,8.76K,-0.16%
9-Dec-13,24.43,25.39,25.39,23.5,38.07K,-4.35%
8-Dec-13,25.54,24.8,26,24.8,47.40K,3.11%
5-Dec-13,24.77,24,25.19,23.73,55.39K,3.99%
4-Dec-13,23.82,23.34,24.23,23.3,17.71K,2.14%
3-Dec-13,23.32,23.11,23.79,23.11,8.21K,-1.77%
2-Dec-13,23.74,24,24.42,23.21,27.26K,-1.49%
1-Dec-13,24.1,24.49,24.65,23.8,12.40K,0.21%
28-Nov-13,24.05,24.38,24.38,23.52,14.33K,-0.25%
27-Nov-13,24.11,24.9,24.9,23.7,12.86K,-2.94%
26-Nov-13,24.84,24.41,25.42,24.4,9.70K,0.08%
25-Nov-13,24.82,25.04,25.04,24.61,6.56K,-2.70%
24-Nov-13,25.51,25.4,25.94,25.32,19.08K,-0.20%
21-Nov-13,25.56,25.41,25.79,25.4,13.67K,-0.58%
20-Nov-13,25.71,26.3,26.3,25.52,28.23K,-1.04%
19-Nov-13,25.98,26.01,26.41,25.73,28.07K,0.66%
18-Nov-13,25.81,25.7,26,25.51,10.29K,-1.22%
17-Nov-13,26.13,26.29,26.5,25.32,11.68K,3.00%
14-Nov-13,25.37,26.5,26.6,25,9.51K,0.96%
13-Nov-13,25.13,25.4,25.75,24.57,22.27K,-2.03%
12-Nov-13,25.65,26.11,26.11,25.15,23.59K,-1.46%
11-Nov-13,26.03,26.68,26.68,25.8,17.34K,-1.18%
10-Nov-13,26.34,26.6,26.85,26.11,14.52K,-2.59%
7-Nov-13,27.04,26.9,27.63,26.53,41.74K,-0.18%
6-Nov-13,27.09,27.69,27.99,26.74,37.36K,1.35%
4-Nov-13,26.73,26.5,27.79,26.25,47.67K,2.57%
3-Nov-13,26.06,26.4,26.49,25.71,3.16K,2.04%
31-Oct-13,25.54,25.62,25.65,25.27,20.76K,-1.28%
30-Oct-13,25.87,25.9,26.32,25.56,11.26K,-0.23%
29-Oct-13,25.93,26.25,26.44,25.78,8.87K,-0.27%
28-Oct-13,26,26.09,26.5,25.53,46.54K,-3.17%
27-Oct-13,26.85,27.19,27.19,26.4,23.71K,-0.81%
24-Oct-13,27.07,27.13,27.39,26.85,25.96K,-1.78%
23-Oct-13,27.56,27.85,27.96,27.05,57.41K,-0.22%
22-Oct-13,27.62,27,28.22,26.9,81.71K,4.31%
21-Oct-13,26.48,26.88,27,26.1,55.49K,-1.45%
20-Oct-13,26.87,27.1,27.43,26.24,58.39K,-0.96%
13-Oct-13,27.13,27.25,27.59,26.63,48.05K,1.04%
10-Oct-13,26.85,26.96,27.2,26.45,42.19K,-0.04%
9-Oct-13,26.86,27,27.39,26.3,19.93K,-0.26%
8-Oct-13,26.93,26.17,27.27,26.17,92.71K,2.08%
7-Oct-13,26.38,25.8,26.88,25.15,98.46K,5.02%
3-Oct-13,25.12,25.29,25.89,24.95,30.42K,-0.83%
2-Oct-13,25.33,24.4,26,24.05,101.05K,4.93%
1-Oct-13,24.14,23.78,24.43,23.78,29.82K,3.52%
30-Sep-13,23.32,23.5,23.71,23,18.91K,-1.31%
29-Sep-13,23.63,24.5,25,23,26.26K,-1.34%
26-Sep-13,23.95,24.25,24.3,23.8,15.64K,0.25%
25-Sep-13,23.89,24.4,24.5,23.57,7.71K,0.67%
24-Sep-13,23.73,24.05,24.05,23.25,11.88K,-2.27%
23-Sep-13,24.28,24.32,24.59,24.08,26.57K,-0.49%
22-Sep-13,24.4,24.7,25.45,24.01,17.35K,0.74%
19-Sep-13,24.22,24.6,24.67,24,17.05K,-0.25%
18-Sep-13,24.28,23.5,24.9,23.5,88.65K,4.12%
17-Sep-13,23.32,22.85,23.95,22.85,37.46K,3.09%
16-Sep-13,22.62,22.95,23,22.14,27.21K,-0.57%
15-Sep-13,22.75,22.98,23.14,22.51,20.95K,-1.04%
12-Sep-13,22.99,22.93,23.14,22.53,16.20K,1.10%
11-Sep-13,22.74,22.1,23.14,22,57.52K,1.88%
10-Sep-13,22.32,22.3,22.58,21.6,10.34K,5.04%
9-Sep-13,21.25,20.8,21.84,20.8,9.79K,1.00%
8-Sep-13,21.04,21.02,21.15,20.71,7.67K,1.54%
5-Sep-13,20.72,21.1,21.1,20.4,17.44K,-1.52%
4-Sep-13,21.04,21.4,21.41,20.9,13.44K,-1.91%
3-Sep-13,21.45,21.74,21.74,21.4,6.06K,-2.01%
2-Sep-13,21.89,22.41,22.41,21.6,6.97K,-2.32%
1-Sep-13,22.41,23,23,22,4.86K,0.76%
29-Aug-13,22.24,21.7,22.46,21.27,7.60K,5.00%
28-Aug-13,21.18,21.3,21.5,20.92,13.95K,-4.55%
27-Aug-13,22.19,23.25,23.25,21.64,17.23K,-4.27%
26-Aug-13,23.18,23.1,23.65,22.85,18.97K,-0.17%
25-Aug-13,23.22,23.4,23.69,23,40.59K,2.07%
22-Aug-13,22.75,22.5,23.01,22,45.31K,2.76%
21-Aug-13,22.14,22.38,22.56,21.71,16.77K,0.50%
20-Aug-13,22.03,22.4,22.4,21.62,15.15K,2.61%
19-Aug-13,21.47,21.7,22,21,18.49K,-0.65%
18-Aug-13,21.61,21,22.51,21,12.40K,-0.87%
14-Aug-13,21.8,22.2,22.5,21.13,12.00K,-5.01%
13-Aug-13,22.95,22.9,23.7,22,46.37K,2.73%
12-Aug-13,22.34,21.57,22.59,21.52,4.55K,0.00%
7-Aug-13,22.34,22,23,21.57,18.20K,0.59%
6-Aug-13,22.21,22.3,22.6,22,4.25K,-0.27%
5-Aug-13,22.27,22.45,22.7,22,8.67K,0.45%
4-Aug-13,22.17,21.93,22.49,21.93,13.72K,2.54%
1-Aug-13,21.62,21.83,21.84,21.5,3.15K,0.37%
31-Jul-13,21.54,21.16,21.84,21,4.82K,0.42%
30-Jul-13,21.45,21.6,21.6,21.4,4.34K,-1.65%
29-Jul-13,21.81,22.25,22.25,21.58,3.12K,-1.04%
28-Jul-13,22.04,22.25,22.43,21.35,6.57K,4.16%
25-Jul-13,21.16,20.25,22.4,20.02,9.82K,1.54%
24-Jul-13,20.84,22.39,22.4,20.42,7.39K,-7.05%
22-Jul-13,22.42,22.5,22.5,22.12,6.13K,-0.93%
21-Jul-13,22.63,22.2,23,22.2,7.81K,3.71%
18-Jul-13,21.82,21.01,22.6,21.01,7.15K,-0.23%
17-Jul-13,21.87,22.05,22.24,21.46,15.05K,-3.99%
16-Jul-13,22.78,22.45,22.88,22.45,1.07K,4.88%
15-Jul-13,21.72,21.75,22.35,21.24,8.38K,-3.85%
14-Jul-13,22.59,22.75,23.5,22.36,5.83K,-4.28%
11-Jul-13,23.6,23.77,24,22.81,3.69K,-0.88%
10-Jul-13,23.81,23.5,24.39,23.5,6.85K,5.87%
9-Jul-13,22.49,22,22.75,22,18.43K,8.54%
8-Jul-13,20.72,22.1,22.1,20.02,26.58K,-5.30%
7-Jul-13,21.88,22.14,22.14,20.6,46.21K,8.69%
4-Jul-13,20.13,20.13,20.13,20.13,2.53K,10.00%
3-Jul-13,18.3,17.91,19.3,17,17.63K,3.04%
2-Jul-13,17.76,16.89,17.91,16.89,36.09K,9.02%
30-Jun-13,16.29,15.31,16.8,15.02,11.25K,-1.27%
27-Jun-13,16.5,16.5,16.68,16.21,8.50K,3.32%
26-Jun-13,15.97,16.9,16.9,15.6,9.82K,-1.84%
25-Jun-13,16.27,15.4,16.88,15.4,14.28K,3.96%
24-Jun-13,15.65,15.35,15.9,15.3,1.88K,0.26%
23-Jun-13,15.61,15,15.75,15,1.10K,2.83%
20-Jun-13,15.18,15.21,15.6,14.96,12.71K,-2.38%
19-Jun-13,15.55,15,15,14.9,0.21K,0.00%
18-Jun-13,15.55,15.89,15.9,15.1,4.78K,4.15%
17-Jun-13,14.93,14.91,15.5,14.51,2.60K,0.20%
16-Jun-13,14.9,15.05,15.57,14.5,9.80K,-3.75%
13-Jun-13,15.48,15.25,15.6,15.25,9.46K,3.27%
12-Jun-13,14.99,16.1,16.1,14.92,19.12K,-9.54%
11-Jun-13,16.57,16,17.99,15.82,9.85K,-5.37%
10-Jun-13,17.51,18.5,18.5,17.44,18.93K,-9.60%
9-Jun-13,19.37,20.08,20.08,18.45,4.65K,-5.10%
6-Jun-13,20.41,20.48,20.98,20.2,2.50K,-1.73%
5-Jun-13,20.77,21.8,21.8,20.25,15.48K,-7.65%
4-Jun-13,22.49,22.6,23,22.31,4.56K,-3.06%
3-Jun-13,23.2,23.55,23.55,23.07,4.22K,-2.85%
2-Jun-13,23.88,23.9,24,23.71,4.31K,-0.21%
30-May-13,23.93,23.41,24,23.41,3.92K,0.55%
29-May-13,23.8,24.2,24.2,23.33,13.50K,-2.14%
28-May-13,24.32,24.41,24.5,24.24,2.72K,-0.65%
27-May-13,24.48,24.99,24.99,24,12.09K,-1.37%
26-May-13,24.82,24.6,25,24.58,2.25K,0.00%
23-May-13,24.82,24.78,25.1,24.7,5.97K,-0.64%
22-May-13,24.98,25.03,25.51,24.78,4.08K,-0.20%
21-May-13,25.03,25.4,25.5,24.77,12.94K,-1.11%
20-May-13,25.31,25.52,25.56,25.13,8.42K,-2.09%
19-May-13,25.85,25.82,25.91,25.8,4.72K,-0.58%
16-May-13,26,26.06,26.65,25.85,9.60K,-2.73%
15-May-13,26.73,26.85,26.96,26.26,12.01K,0.83%
14-May-13,26.51,25.2,27,25.2,31.85K,3.84%
13-May-13,25.53,25.53,25.8,25.21,3.06K,0.04%
12-May-13,25.52,25.36,26,25.36,10.13K,-0.97%
9-May-13,25.77,25.35,26.19,25.35,11.06K,0.47%
8-May-13,25.65,25.5,25.8,25.28,4.60K,-0.19%
7-May-13,25.7,25.4,25.9,25.4,6.16K,2.64%
2-May-13,25.04,24.5,25.2,24.5,2.55K,1.71%
30-Apr-13,24.62,25,25,24.4,6.90K,-1.52%
29-Apr-13,25,25.05,25.05,24.99,8.05K,-0.36%
28-Apr-13,25.09,25.96,25.97,24.81,5.87K,-0.24%
24-Apr-13,25.15,25.62,25.62,25.1,1.10K,0.20%
23-Apr-13,25.1,25.52,25.52,24.6,5.62K,-2.45%
22-Apr-13,25.73,25.65,26.06,25.03,1.61K,-0.62%
21-Apr-13,25.89,25.7,26.1,25.7,6.96K,-1.82%
18-Apr-13,26.37,26.6,26.6,26.07,6.04K,0.53%
17-Apr-13,26.23,26.45,26.6,26,13.39K,-2.85%
16-Apr-13,27,26.7,27.3,26.65,12.57K,1.77%
15-Apr-13,26.53,26.3,27.29,26.16,10.66K,-2.10%
14-Apr-13,27.1,27.03,27.7,26.52,12.78K,0.44%
11-Apr-13,26.98,26.4,27.69,26.1,16.50K,4.57%
10-Apr-13,25.8,25.14,26.2,25.14,9.51K,1.26%
9-Apr-13,25.48,24.75,26,24.75,12.26K,2.29%
8-Apr-13,24.91,24.56,25.3,24.56,5.91K,0.32%
7-Apr-13,24.83,24.41,25,24.41,3.37K,1.26%
4-Apr-13,24.52,24.5,24.8,24.16,6.36K,0.20%
3-Apr-13,24.47,25.26,25.26,24,7.99K,-3.89%
2-Apr-13,25.46,25.57,25.85,25.25,6.87K,0.75%
1-Apr-13,25.27,25.31,25.59,25.1,3.90K,-0.90%
31-Mar-13,25.5,25.7,25.7,25.12,4.94K,-4.46%
28-Mar-13,26.69,27,27,26.12,2.85K,-0.78%
27-Mar-13,26.9,26.99,27.45,26.14,12.38K,0.79%
26-Mar-13,26.69,27,27,26.3,8.28K,-3.51%
25-Mar-13,27.66,28.15,28.2,27,18.99K,-3.49%
24-Mar-13,28.66,28.78,29,28,14.63K,1.78%
21-Mar-13,28.16,28,28.5,28,18.74K,1.04%
20-Mar-13,27.87,27.5,28.3,27.5,5.92K,-1.24%
19-Mar-13,28.22,28.5,28.9,27.52,11.23K,-0.25%
18-Mar-13,28.29,28.28,28.69,28,13.55K,-1.53%
17-Mar-13,28.73,28.5,29.22,28.5,13.43K,0.35%
14-Mar-13,28.63,28.73,29,28.34,18.09K,-1.14%
13-Mar-13,28.96,29,29.37,28.71,6.90K,-2.49%
12-Mar-13,29.7,29.51,30,29.08,13.13K,0.61%
11-Mar-13,29.52,29.65,29.91,29.15,4.00K,-0.64%
10-Mar-13,29.71,29.78,30,29.33,9.14K,1.71%
7-Mar-13,29.21,29.45,29.5,28.9,10.78K,0.79%
6-Mar-13,28.98,29.45,29.45,28.9,1.90K,0.28%
5-Mar-13,28.9,29.5,29.5,28.5,21.38K,-1.06%
4-Mar-13,29.21,29.6,29.88,28.81,17.93K,-5.99%
3-Mar-13,31.07,30.75,31.99,30.12,17.85K,1.54%
28-Feb-13,30.6,28.57,31.75,28.57,50.57K,5.92%
27-Feb-13,28.89,29.17,29.17,28.6,11.47K,-0.93%
26-Feb-13,29.16,29.99,30,28.72,11.38K,-1.32%
25-Feb-13,29.55,29,30.01,28.64,12.14K,2.28%
24-Feb-13,28.89,28.82,29.01,28.5,2.34K,-1.03%
21-Feb-13,29.19,30.01,30.01,29,14.70K,-2.18%
20-Feb-13,29.84,29.9,30.2,29.1,16.06K,0.37%
19-Feb-13,29.73,30.5,30.6,28.7,21.42K,-3.41%
18-Feb-13,30.78,31.01,31.12,30.2,14.18K,-1.41%
17-Feb-13,31.22,31.55,32.48,31,12.25K,-0.83%
14-Feb-13,31.48,31.75,32.01,31.06,9.71K,0.19%
13-Feb-13,31.42,32.15,32.7,31,37.27K,-3.23%
12-Feb-13,32.47,32.96,33,32.1,23.44K,0.93%
11-Feb-13,32.17,32,32.98,31.9,13.79K,-2.72%
10-Feb-13,33.07,32.67,33.89,32.13,100.18K,5.93%
7-Feb-13,31.22,30.43,32.15,30,60.49K,5.05%
6-Feb-13,29.72,28.89,30.9,28.31,34.70K,0.71%
5-Feb-13,29.51,29.73,29.73,29.1,3.00K,1.10%
4-Feb-13,29.19,29.2,29.49,28.94,9.16K,-1.05%
3-Feb-13,29.5,28.5,30,28.01,26.89K,3.98%
31-Jan-13,28.37,28,28.88,28,12.89K,2.42%
30-Jan-13,27.7,27.1,28,27.1,8.95K,1.99%
29-Jan-13,27.16,28.99,28.99,26.51,20.85K,-3.17%
28-Jan-13,28.05,28.99,28.99,27.4,19.41K,-4.40%
27-Jan-13,29.34,28.31,29.6,28.31,13.20K,-1.81%
23-Jan-13,29.88,29.49,30.1,29.01,29.47K,2.75%
22-Jan-13,29.08,28.5,30,28.04,22.05K,4.12%
21-Jan-13,27.93,27,28.7,26.27,21.97K,3.25%
20-Jan-13,27.05,27.5,27.5,26.28,45.05K,-0.33%
17-Jan-13,27.14,28,28,26.7,18.47K,-3.45%
16-Jan-13,28.11,28.5,28.9,27.1,9.95K,-1.30%
15-Jan-13,28.48,29.4,29.5,27.5,21.48K,-3.42%
14-Jan-13,29.49,30.3,30.44,28.8,12.08K,-1.63%
13-Jan-13,29.98,31,31,29.61,10.70K,-3.04%
10-Jan-13,30.92,31,31.5,30.3,34.29K,-3.41%
9-Jan-13,32.01,30.62,32.69,30.52,100.21K,3.83%
8-Jan-13,30.83,30.5,31.49,30.2,25.17K,-0.23%
6-Jan-13,30.9,31.8,32,30.4,16.45K,1.64%
3-Jan-13,30.4,28,31.18,28,89.37K,7.23%
2-Jan-13,28.35,28.3,28.89,28,15.42K,2.20%
